"","X","Country","ISO","Year","yrsoffc","eiec","execrlc","gov_left","gov_right","Population","Corruption","GovEffectiveness","GDP_PC","GDP_TOT","Gini","GHG_Int"
"1",1,"Argentina","ARG",1990,1,7,"Right",0,1,32637657,NA,NA,13157.4187,13157.4187,0.638650398,0.56931413638106
"2",2,"Argentina","ARG",1991,2,7,"Right",0,1,33105763,NA,NA,14171.4059,14171.4059,0.638650398,0.52965791602733
"3",3,"Argentina","ARG",1992,3,7,"Right",0,1,33568285,NA,NA,15085.3192,15085.3192,0.638650398,0.49450077450176
"4",4,"Argentina","ARG",1993,4,7,"Right",0,1,34027240,NA,NA,16087.6283,16087.6283,0.638650398,0.46157936582249
"5",5,"Argentina","ARG",1994,5,7,"Right",0,1,34488696,NA,NA,16772.2365,16772.2365,0.638650398,0.44547728286499
"6",6,"Argentina","ARG",1995,6,7,"Right",0,1,34946110,NA,NA,16042.9426,16042.9426,0.638650398,0.46357203683864
"7",7,"Argentina","ARG",1996,7,7,"Right",0,1,35389362,-0.101317152,0.16569005,16653.5144,16653.5144,0.638650398,0.45145564071484
"8",8,"Argentina","ARG",1997,8,7,"Right",0,1,35815971,-0.152399376,0.247201271,17695.7386,17695.7386,0.638650398,0.4249707182583
"9",9,"Argentina","ARG",1998,9,7,"Right",0,1,36233195,-0.2034816,0.328712493,18057.0899,18057.0899,0.638650398,0.41607866926421
"10",10,"Argentina","ARG",1999,10,7,"Right",0,1,36653031,-0.187944628,0.1503369,17149.6728,17149.6728,0.638650398,0.44152558082393
"11",11,"Argentina","ARG",2000,1,7,"Center",0,0,37070774,-0.172407657,-0.028038694,16739.8777,16739.8777,0.638650398,0.44220571742302
"12",12,"Argentina","ARG",2001,2,7,"Center",0,0,37480493,-0.294731691,-0.128258883,15744.6938,15744.6938,0.660888059,0.45621829230626
"13",13,"Argentina","ARG",2002,1,7,"Right",0,1,37885028,-0.417055726,-0.228479072,13821.1819,13821.1819,0.666746816,0.51013870842586
"14",14,"Argentina","ARG",2003,1,7,"Right",0,1,38278164,-0.479976803,-0.032745756,14830.5089,14830.5089,0.618938382,0.50514113178041
"15",15,"Argentina","ARG",2004,2,7,"Left",1,0,38668796,-0.414409548,0.017335525,17277.3196,17277.3196,0.602440774,0.49238023068688
"16",16,"Argentina","ARG",2005,3,7,"Left",1,0,39070501,-0.377738357,-0.100426145,18483.9534,18483.9534,0.592551154,0.45639217103146
"17",17,"Argentina","ARG",2006,4,7,"Left",1,0,39476851,-0.331238538,-0.036109354,19457.0897,19457.0897,0.579356203,0.43924909031879
"18",18,"Argentina","ARG",2007,5,7,"Left",1,0,39876111,-0.372122079,-0.011677821,20480.029,20480.029,0.587494055,0.4105686568215
"19",19,"Argentina","ARG",2008,1,7,"Left",1,0,40273769,-0.434875011,-0.124616414,21615.2449,21615.2449,0.58648372,0.39532483292673
"20",20,"Argentina","ARG",2009,2,7,"Left",1,0,40684338,-0.445475101,-0.295640558,20318.4128,20318.4128,0.568986678,0.39399869294131
"21",21,"Argentina","ARG",2010,3,7,"Left",1,0,40788453,-0.355230033,-0.111378528,22714.5246,22714.5246,0.570942914,0.3609492005142
"22",22,"Argentina","ARG",2011,4,7,"Left",1,0,41261490,-0.364098519,-0.071486443,24485.6394,24485.6394,0.554819,0.34785982261751
"23",23,"Argentina","ARG",2012,5,7,"Left",1,0,41733271,-0.445909202,-0.206465602,24287.8126,24287.8126,0.536660613,0.35647100760714
"24",24,"Argentina","ARG",2013,1,7,"Left",1,0,42202935,-0.434015781,-0.253652781,25096.2433,25096.2433,0.541737713,0.35729062864559
"25",25,"Argentina","ARG",2014,2,7,"Left",1,0,42669500,-0.549443066,-0.109243862,24113.5259,24113.5259,0.559397849,0.36485674670825
"26",26,"Argentina","ARG",2015,3,7,"Left",1,0,43131966,-0.557244956,-0.016539078,24424.4974,24424.4974,0.562881869,0.36338750012646
"27",27,"Argentina","ARG",2016,1,7,"Right",0,1,43590368,-0.274941713,0.250169098,23602.284,23602.284,0.566714773,0.37188489406002
"28",28,"Argentina","ARG",2017,2,7,"Right",0,1,44044811,-0.284516692,0.164413184,23955.2092,23955.2092,0.581354113,0.3648314542424
"29",29,"Argentina","ARG",2018,3,7,"Right",0,1,44494502,-0.074287266,0.054248072,23034.1016,23034.1016,0.586629654,0.37376907008905
"30",30,"Argentina","ARG",2019,4,7,"Right",0,1,44938712,-0.08366286,-0.096506894,22288.2901,22288.2901,0.591835934,0.37680694432963
"31",31,"Argentina","ARG",2020,1,7,"Left",1,0,45376763,-0.140874103,-0.22428748,19837.9038,19837.9038,0.591836343,0.40193189362321
"32",32,"Australia","AUS",1990,7,7,"Left",1,0,17065128,NA,NA,35693.1857,35693.1857,0.438673726,0.86410761314285
"33",33,"Australia","AUS",1991,8,7,"Left",1,0,17284036,NA,NA,34681.2545,34681.2545,0.451067698,0.87289962209647
"34",34,"Australia","AUS",1992,1,7,"Left",1,0,17478635,NA,NA,34020.2635,34020.2635,0.445633275,0.8722232094135
"35",35,"Australia","AUS",1993,2,7,"Left",1,0,17634808,NA,NA,35170.4928,35170.4928,0.451982405,0.84379589310861
"36",36,"Australia","AUS",1994,3,7,"Left",1,0,17805468,NA,NA,36222.5981,36222.5981,0.456124856,0.82099935493618
"37",37,"Australia","AUS",1995,4,7,"Left",1,0,18004882,NA,NA,36918.9501,36918.9501,0.458919506,0.80321487430846
"38",38,"Australia","AUS",1996,5,7,"Left",1,0,18224767,1.877355814,1.800564528,37785.2916,37785.2916,0.456454504,0.79531025296486
"39",39,"Australia","AUS",1997,1,7,"Right",0,1,18423037,1.837742746,1.709341288,38660.5449,38660.5449,0.455433957,0.78553172945341
"40",40,"Australia","AUS",1998,2,7,"Right",0,1,18607584,1.798129678,1.618118048,39935.5857,39935.5857,0.462161021,0.7838010119332
"41",41,"Australia","AUS",1999,3,7,"Right",0,1,18812264,1.830109,1.675144136,41370.3701,41370.3701,0.465063357,0.75703676304172
"42",42,"Australia","AUS",2000,4,7,"Right",0,1,19028802,1.862088323,1.732170224,42465.6519,42465.6519,0.467972115,0.7407418810292
"43",43,"Australia","AUS",2001,5,7,"Right",0,1,19274701,1.811762333,1.695684433,42605.1415,42605.1415,0.461367859,0.73910896840324
"44",44,"Australia","AUS",2002,6,7,"Right",0,1,19495210,1.761436343,1.659198642,43605.6351,43605.6351,0.47567751,0.7217807156091
"45",45,"Australia","AUS",2003,7,7,"Right",0,1,19720737,1.895287037,1.7724967,44227.024,44227.024,0.470641155,0.68871938018502
"46",46,"Australia","AUS",2004,8,7,"Right",0,1,19932722,2.005868912,1.984479189,45338.5565,45338.5565,0.474760862,0.68535164063056
"47",47,"Australia","AUS",2005,9,7,"Right",0,1,20176844,1.942667723,1.745689988,46141.4677,46141.4677,0.481409304,0.66917713718677
"48",48,"Australia","AUS",2006,10,7,"Right",0,1,20450966,1.950813174,1.707515955,46643.4301,46643.4301,0.482878081,0.65632744060609
"49",49,"Australia","AUS",2007,11,7,"Right",0,1,20827622,2.00087285,1.818282604,47453.9663,47453.9663,0.48122811,0.64170783141016
"50",50,"Australia","AUS",2008,1,7,"Left",1,0,21249199,2.027342558,1.78415966,48214.4158,48214.4158,0.48805264,0.6176275397832
"51",51,"Australia","AUS",2009,2,7,"Left",1,0,21691653,2.041763067,1.701762199,47753.8189,47753.8189,0.488306694,0.61556838169071
"52",52,"Australia","AUS",2010,3,7,"Left",1,0,22031750,2.02361083,1.763190031,47944.3007,47944.3007,0.48698184,0.60753402438005
"53",53,"Australia","AUS",2011,1,7,"Left",1,0,22340024,2.037909031,1.689923167,47917.8515,47917.8515,0.487035197,0.5971951144423
"54",54,"Australia","AUS",2012,2,7,"Left",1,0,22733465,1.977507234,1.612834334,48011.8294,48011.8294,0.487747877,0.57717830592418
"55",55,"Australia","AUS",2013,3,7,"Left",1,0,23128129,1.777870297,1.632687688,48824.8437,48824.8437,0.488232693,0.55228346923311
"56",56,"Australia","AUS",2014,1,7,"Right",0,1,23475686,1.849464655,1.601303339,48595.1886,48595.1886,0.488659844,0.52790084637443
"57",57,"Australia","AUS",2015,2,7,"Right",0,1,23815995,1.879955173,1.560223341,47892.7367,47892.7367,0.489290324,0.52393105520772
"58",58,"Australia","AUS",2016,1,7,"Right",0,1,24190907,1.810914397,1.561982155,48462.2279,48462.2279,0.48339277,0.51041790347404
"59",59,"Australia","AUS",2017,2,7,"Right",0,1,24594202,1.790856242,1.530469418,49081.3769,49081.3769,0.487781176,0.50492705533672
"60",60,"Australia","AUS",2018,3,7,"Right",0,1,24966643,1.801110983,1.588520885,49715.4899,49715.4899,0.479724559,0.48809838880866
"61",61,"Australia","AUS",2019,1,7,"Right",0,1,25340217,1.822144747,1.564876318,49654.8236,49654.8236,0.482722513,0.47632991462391
"62",62,"Australia","AUS",2020,2,7,"Right",0,1,25655289,1.662498713,1.610074997,49376.0827,49376.0827,0.482722513,0.45804705766008
"63",63,"Brazil","BRA",1990,1,7,"Right",0,1,150706446,NA,NA,15958.0003,15958.0003,0.703332457,0.44375995423726
"64",64,"Brazil","BRA",1991,2,7,"Right",0,1,153336445,NA,NA,15707.983,15707.983,0.703332457,0.45581562942484
"65",65,"Brazil","BRA",1992,3,7,"Right",0,1,155900790,NA,NA,15243.1707,15243.1707,0.703332457,0.47278943120967
"66",66,"Brazil","BRA",1993,1,7,"Right",0,1,158440875,NA,NA,15616.8025,15616.8025,0.703332457,0.46648759077537
"67",67,"Brazil","BRA",1994,2,7,"Right",0,1,160980472,NA,NA,16138.6306,16138.6306,0.703332457,0.45680199341573
"68",68,"Brazil","BRA",1995,1,7,"Left",1,0,163515328,NA,NA,16412.717,16412.717,0.703332457,0.459074607918
"69",69,"Brazil","BRA",1996,2,7,"Left",1,0,166037122,-0.018579531,-0.143133715,16376.0205,16376.0205,0.703332457,0.45321291949566
"70",70,"Brazil","BRA",1997,3,7,"Left",1,0,168546707,0.011447897,-0.172352418,16525.2745,16525.2745,0.703332457,0.45271219614768
"71",71,"Brazil","BRA",1998,4,7,"Left",1,0,171039804,0.041475326,-0.201571122,16179.8461,16179.8461,0.703332457,0.4604440857047
"72",72,"Brazil","BRA",1999,5,7,"Left",1,0,173486281,0.027357055,-0.079243017,15860.2176,15860.2176,0.703332457,0.46729801331982
"73",73,"Brazil","BRA",2000,6,7,"Left",1,0,175873720,0.013238784,0.043085087,16152.1234,16152.1234,0.703332457,0.4609697952483
"74",74,"Brazil","BRA",2001,7,7,"Left",1,0,178211881,0.047590548,0.004234871,15990.5304,15990.5304,0.703332401,0.46224995775095
"75",75,"Brazil","BRA",2002,8,7,"Left",1,0,180476685,0.081942312,-0.034615345,16081.775,16081.775,0.698363055,0.46045473990296
"76",76,"Brazil","BRA",2003,1,7,"Left",1,0,182629278,0.090239018,0.079587273,15874.768,15874.768,0.700930979,0.47050660179078
"77",77,"Brazil","BRA",2004,2,7,"Left",1,0,184722043,-0.027268711,-0.097499236,16399.6409,16399.6409,0.695779965,0.4672722964324
"78",78,"Brazil","BRA",2005,3,7,"Left",1,0,186797334,-0.15374814,-0.161735713,16551.1063,16551.1063,0.694742419,0.45639355439744
"79",79,"Brazil","BRA",2006,4,7,"Left",1,0,188820682,-0.120479897,-0.398304135,16836.4099,16836.4099,0.692342452,0.44232161762529
"80",80,"Brazil","BRA",2007,5,7,"Left",1,0,190779453,-0.083988786,-0.299589753,17495.2813,17495.2813,0.678960839,0.42350748597274
"81",81,"Brazil","BRA",2008,6,7,"Left",1,0,192672317,0.003437368,-0.15749611,18030.1536,18030.1536,0.679478423,0.41408767062038
"82",82,"Brazil","BRA",2009,7,7,"Left",1,0,194517549,-0.079985611,-0.158917338,17669.1813,17669.1813,0.676530183,0.40569691128095
"83",83,"Brazil","BRA",2010,8,7,"Left",1,0,196353492,0.043806359,-0.094215512,18650.8862,18650.8862,0.681059549,0.4045869084133
"84",84,"Brazil","BRA",2011,1,7,"Left",1,0,198185302,0.168382421,-0.160819367,19047.4333,19047.4333,0.685495783,0.40075414719473
"85",85,"Brazil","BRA",2012,2,7,"Left",1,0,199977707,-0.046854232,-0.169213906,19083.2965,19083.2965,0.678223949,0.40541234741361
"86",86,"Brazil","BRA",2013,3,7,"Left",1,0,201721767,-0.097699746,-0.126656055,19332.7369,19332.7369,0.670929094,0.40538324172878
"87",87,"Brazil","BRA",2014,4,7,"Left",1,0,203459650,-0.365745902,-0.181397632,19114.5447,19114.5447,0.673175653,0.41448262075925
"88",88,"Brazil","BRA",2015,5,7,"Left",1,0,205188205,-0.433242053,-0.232308552,18139.2497,18139.2497,0.681661,0.42463765581458
"89",89,"Brazil","BRA",2016,6,7,"Left",1,0,206859578,-0.422299951,-0.221285507,17276.384,17276.384,0.684539125,0.43133956152859
"90",90,"Brazil","BRA",2017,1,7,"Center",0,0,208504960,-0.536921918,-0.292603076,17236.0017,17236.0017,0.682092955,0.42999357880757
"91",91,"Brazil","BRA",2018,2,7,"Center",0,0,210166592,-0.458420366,-0.498852432,17278.4031,17278.4031,0.680898739,0.41495449016671
"92",92,"Brazil","BRA",2019,1,7,"Right",0,1,211782878,-0.386171013,-0.206858993,17268.0191,17268.0191,0.672211377,0.41203236749976
"93",93,"Brazil","BRA",2020,2,7,"Right",0,1,213196304,-0.407126695,-0.43761009,16339.356,16339.356,0.686967434,0.42474963576606
"94",94,"Canada","CAN",1990,6,7,"Right",0,1,27691138,NA,NA,35978.0263,35978.0263,0.466384303,0.60826605050076
"95",95,"Canada","CAN",1991,7,7,"Right",0,1,28037420,NA,NA,34733.8593,34733.8593,0.47118762,0.61579939110885
"96",96,"Canada","CAN",1992,8,7,"Right",0,1,28371264,NA,NA,34529.8398,34529.8398,0.479865614,0.62730690681263
"97",97,"Canada","CAN",1993,9,7,"Right",0,1,28684764,NA,NA,34862.1547,34862.1547,0.494086156,0.61507446354216
"98",98,"Canada","CAN",1994,1,7,"Left",1,0,29000663,NA,NA,36136.4561,36136.4561,0.51548407,0.61380311054743
"99",99,"Canada","CAN",1995,2,7,"Left",1,0,29302311,NA,NA,36707.4005,36707.4005,0.496813719,0.61197241692886
"100",100,"Canada","CAN",1996,3,7,"Left",1,0,29610218,2.031407595,1.742363691,36873.0507,36873.0507,0.502304976,0.61796251751913
"101",101,"Canada","CAN",1997,4,7,"Left",1,0,29905948,2.032809019,1.809832692,37915.7641,37915.7641,0.510173406,0.60394368625982
"102",102,"Canada","CAN",1998,5,7,"Left",1,0,30155173,2.034210443,1.877301693,39064.5151,39064.5151,0.51047925,0.58857409783233
"103",103,"Canada","CAN",1999,6,7,"Left",1,0,30401286,2.041764736,1.863190174,40767.0248,40767.0248,0.511768158,0.56877680675322
"104",104,"Canada","CAN",2000,7,7,"Left",1,0,30685730,2.049319029,1.849078655,42352.6365,42352.6365,0.525382056,0.55991718092791
"105",105,"Canada","CAN",2001,8,7,"Left",1,0,31020902,2.015775263,1.854967296,42418.5147,42418.5147,0.516005915,0.54235532418586
"106",106,"Canada","CAN",2002,9,7,"Left",1,0,31360079,1.982231498,1.860855937,42996.0229,42996.0229,0.516720529,0.54368420436073
"107",107,"Canada","CAN",2003,1,7,"Left",1,0,31644028,1.931292057,1.923825741,43235.4281,43235.4281,0.518272026,0.54773880639173
"108",108,"Canada","CAN",2004,2,7,"Left",1,0,31940655,1.805866241,1.90024209,43986.4037,43986.4037,0.5228989,0.52853721447956
"109",109,"Canada","CAN",2005,3,7,"Left",1,0,32243753,1.86970067,1.881939769,44718.7616,44718.7616,0.528749885,0.51725696589361
"110",110,"Canada","CAN",2006,4,7,"Left",1,0,32571174,1.952794552,1.891714334,45366.8621,45366.8621,0.533241594,0.50237034436239
"111",111,"Canada","CAN",2007,1,7,"Right",0,1,32889025,1.99088037,1.754162312,45656.1533,45656.1533,0.534666125,0.51478948081179
"112",112,"Canada","CAN",2008,2,7,"Right",0,1,33247118,1.987721443,1.781874537,45297.8213,45297.8213,0.527453945,0.49201436882489
"113",113,"Canada","CAN",2009,3,7,"Right",0,1,33628895,2.051796675,1.741881609,43328.7556,43328.7556,0.516348802,0.479045665295
"114",114,"Canada","CAN",2010,4,7,"Right",0,1,34004889,2.061873198,1.77762568,44037.6025,44037.6025,0.522879018,0.47599795765643
"115",115,"Canada","CAN",2011,5,7,"Right",0,1,34339328,1.971133471,1.772330761,44456.9196,44456.9196,0.524628822,0.47169655414358
"116",116,"Canada","CAN",2012,6,7,"Right",0,1,34714222,1.918904424,1.756651282,44625.4341,44625.4341,0.520470591,0.46499981607006
"117",117,"Canada","CAN",2013,7,7,"Right",0,1,35082954,1.879342556,1.781098008,45028.043,45028.043,0.529077791,0.46116907781171
"118",118,"Canada","CAN",2014,8,7,"Right",0,1,35437435,1.832427263,1.754314423,45684.1396,45684.1396,0.530715852,0.45607422654744
"119",119,"Canada","CAN",2015,9,7,"Right",0,1,35702908,1.884429693,1.7574085,45380.3481,45380.3481,0.529428707,0.45060114695966
"120",120,"Canada","CAN",2016,1,7,"Left",1,0,36109487,1.984779,1.774251819,45249.5464,45249.5464,0.512408318,0.44265371160526
"121",121,"Canada","CAN",2017,2,7,"Left",1,0,36545236,1.920100808,1.848514438,46079.1104,46079.1104,0.536083813,0.4377035265619
"122",122,"Canada","CAN",2018,3,7,"Left",1,0,37065084,1.823797584,1.707835555,46835.9339,46835.9339,0.524865587,0.4340154858871
"123",123,"Canada","CAN",2019,4,7,"Left",1,0,37601230,1.763857365,1.724295616,47198.3236,47198.3236,0.523372184,0.41932639695352
"124",124,"Canada","CAN",2020,1,7,"Left",1,0,38037204,1.59498167,1.63518703,44243.4122,44243.4122,0.523372184,0.40534904217823
"125",125,"China","CHN",1990,1,3,"Left",1,0,1135185000,NA,NA,3301.6379,3301.6379,0.432298472,2.520145388609
"126",126,"China","CHN",1991,2,3,"Left",1,0,1150780000,NA,NA,3420.7255,3420.7255,0.447816042,2.3829951450067
"127",127,"China","CHN",1992,3,3,"Left",1,0,1164970000,NA,NA,3665.5678,3665.5678,0.462626516,2.1421088956661
"128",128,"China","CHN",1993,4,3,"Left",1,0,1178440000,NA,NA,3954.3973,3954.3973,0.4775985,1.9697742180837
"129",129,"China","CHN",1994,5,3,"Left",1,0,1191835000,NA,NA,4200.1206,4200.1206,0.483452076,1.8123944649587
"130",130,"China","CHN",1995,6,3,"Left",1,0,1204855000,NA,NA,4644.2565,4644.2565,0.477406274,1.7817991370392
"131",131,"China","CHN",1996,7,3,"Left",1,0,1217550000,-0.271189511,-0.348653883,4700.2966,4700.2966,0.471341058,1.6197538496086
"132",132,"China","CHN",1997,8,3,"Left",1,0,1230075000,-0.312572256,-0.273718588,4943.6574,4943.6574,0.470975937,1.4938196568148
"133",133,"China","CHN",1998,9,3,"Left",1,0,1241935000,-0.353955001,-0.198783293,4883.0324,4883.0324,0.472029237,1.4076075779998
"134",134,"China","CHN",1999,10,3,"Left",1,0,1252735000,-0.281251855,-0.178813085,5098.0628,5098.0628,0.481300401,1.2943893343379
"135",135,"China","CHN",2000,11,3,"Left",1,0,1262645000,-0.20854871,-0.158842877,5388.6942,5388.6942,0.497964414,1.2448975651952
"136",136,"China","CHN",2001,12,3,"Left",1,0,1271850000,-0.383223139,-0.14097004,5635.0783,5635.0783,0.507249373,1.1912671238819
"137",137,"China","CHN",2002,13,3,"Left",1,0,1280400000,-0.557897568,-0.123097204,6139.4587,6139.4587,0.534569124,1.1565640006297
"138",138,"China","CHN",2003,14,3,"Left",1,0,1288400000,-0.39526549,-0.163367793,6577.6282,6577.6282,0.542811472,1.1777584955261
"139",139,"China","CHN",2004,1,3,"Left",1,0,1296075000,-0.565061569,-0.125968367,7201.697,7201.697,0.546003505,1.2102356185079
"140",140,"China","CHN",2005,2,3,"Left",1,0,1303720000,-0.617887735,-0.151839033,7792.5901,7792.5901,0.557739498,1.2123714224605
"141",141,"China","CHN",2006,3,3,"Left",1,0,1311020000,-0.518887699,0.026935905,8575.7694,8575.7694,0.558960275,1.1776444427075
"142",142,"China","CHN",2007,4,3,"Left",1,0,1317885000,-0.599234641,0.154929847,9459.4563,9459.4563,0.56198621,1.0993827382475
"143",143,"China","CHN",2008,5,3,"Left",1,0,1324655000,-0.526307642,0.153617859,9729.2854,9729.2854,0.56221764,1.0254947492851
"144",144,"China","CHN",2009,6,3,"Left",1,0,1331260000,-0.519456625,0.081667021,10340.5804,10340.5804,0.562670183,0.99572616059235
"145",145,"China","CHN",2010,7,3,"Left",1,0,1337705000,-0.570009887,0.079109058,11172.4318,11172.4318,0.566500776,0.97311485130548
"146",146,"China","CHN",2011,8,3,"Left",1,0,1345035000,-0.514727592,0.070834443,11845.9135,11845.9135,0.564565805,0.96565930481358
"147",147,"China","CHN",2012,9,3,"Left",1,0,1354190000,-0.438275933,0.000691475,12470.5628,12470.5628,0.553076707,0.92055177588186
"148",148,"China","CHN",2013,10,3,"Left",1,0,1363240000,-0.355789781,-0.019736055,13623.1979,13623.1979,0.562073504,0.89101027449911
"149",149,"China","CHN",2014,1,3,"Left",1,0,1371860000,-0.337421417,0.345973432,14571.3339,14571.3339,0.554613285,0.8395948722895
"150",150,"China","CHN",2015,2,3,"Left",1,0,1379860000,-0.274102539,0.43783015,15431.0952,15431.0952,0.555457724,0.77457222140684
"151",151,"China","CHN",2016,3,3,"Left",1,0,1387790000,-0.243200898,0.377766103,16362.8135,16362.8135,0.553713581,0.72315872098567
"152",152,"China","CHN",2017,4,3,"Left",1,0,1396215000,-0.266227782,0.438617289,17372.035,17372.035,0.561371032,0.68940012514935
"153",153,"China","CHN",2018,5,3,"Left",1,0,1402760000,-0.262216955,0.518306255,18416.7344,18416.7344,0.559181695,0.67344534213898
"154",154,"China","CHN",2019,6,3,"Left",1,0,1407745000,-0.289005578,0.563922524,19388.3956,19388.3956,0.557921971,0.64936325018614
"155",155,"China","CHN",2020,7,3,"Left",1,0,1411100000,-0.046911303,0.677315116,19728.8404,19728.8404,0.564136029,0.64704977004863
"156",156,"Germany","DEU",1990,8,7,"Right",0,1,79433029,NA,NA,40240.1828,40240.1828,0.4371463,0.42372204947045
"157",157,"Germany","DEU",1991,9,7,"Right",0,1,80013896,NA,NA,36628.8097,36628.8097,0.426499566,0.39473642877549
"158",158,"Germany","DEU",1992,10,7,"Right",0,1,80624598,NA,NA,37061.8459,37061.8459,0.420498766,0.36692639708174
"159",159,"Germany","DEU",1993,11,7,"Right",0,1,81156363,NA,NA,36374.2791,36374.2791,0.414887635,0.36625913100037
"160",160,"Germany","DEU",1994,12,7,"Right",0,1,81438348,NA,NA,37239.3965,37239.3965,0.411272345,0.35318115466771
"161",161,"Germany","DEU",1995,13,7,"Right",0,1,81678051,NA,NA,37743.3001,37743.3001,0.40843715,0.34533117897484
"162",162,"Germany","DEU",1996,14,7,"Right",0,1,81914831,1.905216813,1.724676728,37928.6824,37928.6824,0.419125808,0.35106724085504
"163",163,"Germany","DEU",1997,15,7,"Right",0,1,82034771,1.951581836,1.768589199,38527.2351,38527.2351,0.428591682,0.33310689197957
"164",164,"Germany","DEU",1998,16,7,"Right",0,1,82047195,1.997946858,1.812501669,39225.2124,39225.2124,0.437512977,0.32058206549787
"165",165,"Germany","DEU",1999,1,7,"Left",1,0,82100243,1.89974612,1.808516681,39833.7935,39833.7935,0.436273108,0.3029179545617
"166",166,"Germany","DEU",2000,2,7,"Left",1,0,82211508,1.801545382,1.804531693,40788.2115,40788.2115,0.436122336,0.29249850121642
"167",167,"Germany","DEU",2001,3,7,"Left",1,0,82349925,1.84514451,1.73227489,41169.482,41169.482,0.437367311,0.29081350151693
"168",168,"Germany","DEU",2002,4,7,"Left",1,0,82488495,1.888743639,1.660018086,41036.6295,41036.6295,0.443690016,0.28625940347654
"169",169,"Germany","DEU",2003,5,7,"Left",1,0,82534176,1.87576139,1.356821299,40708.6528,40708.6528,0.434029195,0.28789034969214
"170",170,"Germany","DEU",2004,6,7,"Left",1,0,82516260,1.840065479,1.466727853,41080.9455,41080.9455,0.444884407,0.27990167247642
"171",171,"Germany","DEU",2005,7,7,"Left",1,0,82469422,1.875442266,1.5000844,41228.7929,41228.7929,0.467356296,0.27140651670362
"172",172,"Germany","DEU",2006,1,7,"Right",0,1,82376451,1.793642521,1.645597935,42640.0287,42640.0287,0.470441302,0.26305733856948
"173",173,"Germany","DEU",2007,2,7,"Right",0,1,82266372,1.726519346,1.630697012,43910.3893,43910.3893,0.484220931,0.24735061696609
"174",174,"Germany","DEU",2008,3,7,"Right",0,1,82110097,1.745895863,1.513504505,44244.001,44244.001,0.483776907,0.24544806717498
"175",175,"Germany","DEU",2009,4,7,"Right",0,1,81902307,1.746210337,1.574908257,41681.5994,41681.5994,0.484889848,0.24294085297764
"176",176,"Germany","DEU",2010,5,7,"Right",0,1,81776930,1.766428828,1.515488744,43060.2668,43060.2668,0.480217763,0.24482787721221
"177",177,"Germany","DEU",2011,6,7,"Right",0,1,80274983,1.741949916,1.499923468,44068.3606,44068.3606,0.482828368,0.22857158818718
"178",178,"Germany","DEU",2012,7,7,"Right",0,1,80425823,1.817630172,1.530664206,44129.6772,44129.6772,0.482159146,0.23075531106017
"179",179,"Germany","DEU",2013,8,7,"Right",0,1,80645605,1.797943592,1.510821939,44159.4759,44159.4759,0.495981489,0.23407167247136
"180",180,"Germany","DEU",2014,9,7,"Right",0,1,80982500,1.812496543,1.665354967,44945.321,44945.321,0.499326109,0.21927794191056
"181",181,"Germany","DEU",2015,10,7,"Right",0,1,81686611,1.814328671,1.682785392,45398.9871,45398.9871,0.497700895,0.21730853245757
"182",182,"Germany","DEU",2016,11,7,"Right",0,1,82348669,1.820955515,1.689760208,46226.9516,46226.9516,0.495737749,0.21305293318403
"183",183,"Germany","DEU",2017,12,7,"Right",0,1,82657002,1.83601439,1.645124197,47253.5742,47253.5742,0.492620472,0.20378406680395
"184",184,"Germany","DEU",2018,1,7,"Left",1,0,82905782,1.93290782,1.556094408,47564.9324,47564.9324,0.487795665,0.19517466749194
"185",185,"Germany","DEU",2019,2,7,"Left",1,0,83092962,1.900066733,1.524563909,47910.7692,47910.7692,0.48856981,0.18100137107738
"186",186,"Germany","DEU",2020,3,7,"Left",1,0,83160871,1.855754375,1.352196813,45633.5564,45633.5564,0.486973495,0.17428010576765
"187",187,"Spain","ESP",1990,8,7,"Left",1,0,38867322,NA,NA,28358.7277,28358.7277,0.484322839,0.28049413381445
"188",188,"Spain","ESP",1991,9,7,"Left",1,0,38966376,NA,NA,28721.2004,28721.2004,0.477648141,0.28002394817248
"189",189,"Spain","ESP",1992,10,7,"Left",1,0,39157685,NA,NA,28601.4664,28601.4664,0.470500505,0.28489522881973
"190",190,"Spain","ESP",1993,11,7,"Left",1,0,39361262,NA,NA,27721.8598,27721.8598,0.464170747,0.27421284482231
"191",191,"Spain","ESP",1994,12,7,"Left",1,0,39549108,NA,NA,27942.988,27942.988,0.470293675,0.27924765608645
"192",192,"Spain","ESP",1995,13,7,"Left",1,0,39724050,NA,NA,28413.046,28413.046,0.474505389,0.28548098157591
"193",193,"Spain","ESP",1996,14,7,"Left",1,0,39889852,1.129211187,1.620027184,28678.797,28678.797,0.471783095,0.27258969422738
"194",194,"Spain","ESP",1997,1,7,"Right",0,1,40057389,1.242603362,1.60866487,29411.8026,29411.8026,0.460621343,0.28173480405843
"195",195,"Spain","ESP",1998,2,7,"Right",0,1,40223509,1.355995536,1.597302556,30389.1822,30389.1822,0.463455224,0.27715558486318
"196",196,"Spain","ESP",1999,3,7,"Right",0,1,40386875,1.342139184,1.641529918,31562.4583,31562.4583,0.466865754,0.28346064991246
"197",197,"Spain","ESP",2000,4,7,"Right",0,1,40567864,1.328282833,1.685757279,32820.541,32820.541,0.458776468,0.28259483153405
"198",198,"Spain","ESP",2001,5,7,"Right",0,1,40850412,1.322553992,1.735938847,33558.4527,33558.4527,0.455032825,0.27076493997242
"199",199,"Spain","ESP",2002,6,7,"Right",0,1,41431558,1.316825151,1.786120415,33782.3845,33782.3845,0.455075425,0.27542037878868
"200",200,"Spain","ESP",2003,7,7,"Right",0,1,42187645,1.348911166,1.816004276,34249.7558,34249.7558,0.457497903,0.27398200647175
"201",201,"Spain","ESP",2004,8,7,"Right",0,1,42921895,1.337189078,1.331858158,34723.7855,34723.7855,0.455413113,0.27591185448299
"202",202,"Spain","ESP",2005,1,7,"Left",1,0,43653155,1.327615857,1.501133561,35404.2249,35404.2249,0.452624781,0.27493145642944
"203",203,"Spain","ESP",2006,2,7,"Left",1,0,44397319,1.177665472,0.829858661,36196.3381,36196.3381,0.457608963,0.25969890154273
"204",204,"Spain","ESP",2007,3,7,"Left",1,0,45226803,1.079032421,0.986619413,36740.2223,36740.2223,0.457981609,0.26026142320667
"205",205,"Spain","ESP",2008,4,7,"Left",1,0,45954106,1.178771973,0.912080109,36706.2296,36706.2296,0.460384769,0.23847350265024
"206",206,"Spain","ESP",2009,5,7,"Left",1,0,46362946,1.054948092,0.941483974,35344.7667,35344.7667,0.469578363,0.22552524956515
"207",207,"Spain","ESP",2010,6,7,"Left",1,0,46576897,1.160037041,0.942760587,35441.138,35441.138,0.455514567,0.21746652190566
"208",208,"Spain","ESP",2011,7,7,"Left",1,0,46742697,1.163212419,0.97218442,35041.9858,35041.9858,0.453708547,0.21909750072266
"209",209,"Spain","ESP",2012,1,7,"Right",0,1,46773055,1.170406342,1.056865692,34012.3905,34012.3905,0.453856911,0.22137956482293
"210",210,"Spain","ESP",2013,2,7,"Right",0,1,46620045,0.926997602,1.168068171,33642.5585,33642.5585,0.456951888,0.20734601248588
"211",211,"Spain","ESP",2014,3,7,"Right",0,1,46480882,0.689561665,1.17374742,34242.3965,34242.3965,0.45902433,0.20321678999681
"212",212,"Spain","ESP",2015,4,7,"Right",0,1,46444832,0.662847698,1.184805393,35679.0873,35679.0873,0.462925095,0.2023138506627
"213",213,"Spain","ESP",2016,5,7,"Right",0,1,46484062,0.601362467,1.125179887,36686.3712,36686.3712,0.462925771,0.1914212466217
"214",214,"Spain","ESP",2017,6,7,"Right",0,1,46593236,0.540556669,1.032243013,37716.7843,37716.7843,0.458747778,0.1939844757383
"215",215,"Spain","ESP",2018,7,7,"Right",0,1,46797754,0.641388834,1.000047803,38515.9063,38515.9063,0.452064391,0.18579810946975
"216",216,"Spain","ESP",2019,1,7,"Left",1,0,47134837,0.694954097,0.995634913,39244.2393,39244.2393,0.447848024,0.17255084491468
"217",217,"Spain","ESP",2020,2,7,"Left",1,0,47365655,0.737676799,0.887231767,34931.8306,34931.8306,0.4405417,0.17119169993513
"218",218,"France","FRA",1990,2,7,"Left",1,0,58044701,NA,NA,35715.3501,35715.3501,0.452034634,0.27244286892363
"219",219,"France","FRA",1991,3,7,"Left",1,0,58557577,NA,NA,35737.6194,35737.6194,0.446068425,0.28510588113455
"220",220,"France","FRA",1992,1,7,"Left",1,0,58849943,NA,NA,35897.4235,35897.4235,0.442054558,0.27348864628281
"221",221,"France","FRA",1993,2,7,"Left",1,0,59106166,NA,NA,35297.4892,35297.4892,0.445267054,0.2640914086644
"222",222,"France","FRA",1994,1,7,"Right",0,1,59327585,NA,NA,35774.1297,35774.1297,0.447380038,0.25543398925376
"223",223,"France","FRA",1995,2,7,"Right",0,1,59543659,NA,NA,36241.8816,36241.8816,0.448396104,0.25519402555796
"224",224,"France","FRA",1996,1,7,"Right",0,1,59756533,1.247409225,1.2518574,36426.6311,36426.6311,0.445961479,0.2603006872103
"225",225,"France","FRA",1997,2,7,"Right",0,1,59969944,1.299091041,1.352680385,37039.755,37039.755,0.449153222,0.24811400801653
"226",226,"France","FRA",1998,1,7,"Left",1,0,60192790,1.350772858,1.45350337,38077.6213,38077.6213,0.451009245,0.24487572734605
"227",227,"France","FRA",1999,2,7,"Left",1,0,60504420,1.336248219,1.545280337,39120.2664,39120.2664,0.449868027,0.2335116259231
"228",228,"France","FRA",2000,3,7,"Left",1,0,60921384,1.32172358,1.637057304,40236.5055,40236.5055,0.450252384,0.22478738375475
"229",229,"France","FRA",2001,4,7,"Left",1,0,61367388,1.256654382,1.590569496,40595.1089,40595.1089,0.449929883,0.22218057038287
"230",230,"France","FRA",2002,5,7,"Left",1,0,61816234,1.191585183,1.544081688,40582.9707,40582.9707,0.442167725,0.21708785645728
"231",231,"France","FRA",2003,1,6,"Right",0,1,62256970,1.305756092,1.650370717,40568.1563,40568.1563,0.447106086,0.21657780024817
"232",232,"France","FRA",2004,2,6,"Right",0,1,62716306,1.311163783,1.755186558,41272.3647,41272.3647,0.449616293,0.21099861325427
"233",233,"France","FRA",2005,3,6,"Right",0,1,63188395,1.357538223,1.665979981,41713.4507,41713.4507,0.446777625,0.20770415600324
"234",234,"France","FRA",2006,4,6,"Right",0,1,63628261,1.45506084,1.628099561,42435.054,42435.054,0.444825279,0.19759886053354
"235",235,"France","FRA",2007,5,6,"Right",0,1,64021737,1.456001759,1.464010477,43070.5428,43070.5428,0.449898095,0.19085213440066
"236",236,"France","FRA",2008,1,7,"Right",0,1,64379696,1.39503479,1.573470831,42725.0334,42725.0334,0.447799054,0.18778304121652
"237",237,"France","FRA",2009,2,7,"Right",0,1,64710879,1.429969311,1.476853848,41280.9666,41280.9666,0.432312863,0.18778172038646
"238",238,"France","FRA",2010,3,7,"Right",0,1,65030575,1.487756133,1.462455153,41673.882,41673.882,0.437739994,0.1877634284373
"239",239,"France","FRA",2011,4,7,"Right",0,1,65345233,1.537773252,1.392090917,41833.3993,41833.3993,0.444317097,0.17757442770399
"240",240,"France","FRA",2012,5,7,"Right",0,1,65662240,1.471969485,1.373074651,41432.9334,41432.9334,0.435097018,0.17781071087371
"241",241,"France","FRA",2013,1,7,"Left",1,0,66002289,1.304377317,1.482449055,41432.4555,41432.4555,0.433650531,0.17480498673768
"242",242,"France","FRA",2014,2,7,"Left",1,0,66312067,1.288246036,1.4134444,41606.1182,41606.1182,0.435123045,0.16131611852968
"243",243,"France","FRA",2015,3,7,"Left",1,0,66548272,1.283082008,1.444361925,41863.0281,41863.0281,0.42788213,0.1610362065247
"244",244,"France","FRA",2016,4,7,"Left",1,0,66724104,1.364643693,1.410835743,42107.8953,42107.8953,0.425244379,0.16000702519154
"245",245,"France","FRA",2017,5,7,"Left",1,0,66918020,1.259721994,1.340848088,42867.7293,42867.7293,0.422794702,0.15742939886034
"246",246,"France","FRA",2018,1,7,"Center",0,0,67158348,1.313190341,1.452368259,43471.1999,43471.1999,0.424623964,0.15009962335519
"247",247,"France","FRA",2019,2,7,"Center",0,0,67388001,1.279630184,1.365859389,44082.1255,44082.1255,0.427506097,0.14419920548534
"248",248,"France","FRA",2020,3,7,"Center",0,0,67571107,1.149994373,1.239420533,40446.774,40446.774,0.414963364,0.14217166402108
"249",249,"UK","GBR",1990,11,7,"Right",0,1,57247586,NA,NA,26461.4507,26461.4507,0.459973334,0.43866112295002
"250",250,"UK","GBR",1991,1,7,"Right",0,1,57424897,NA,NA,26801.2729,26801.2729,0.465889205,0.45045600921189
"251",251,"UK","GBR",1992,2,7,"Right",0,1,57580402,NA,NA,27150.1529,27150.1529,0.466766073,0.43553816828683
"252",252,"UK","GBR",1993,3,7,"Right",0,1,57718614,NA,NA,27347.1867,27347.1867,0.47266044,0.41267363787061
"253",253,"UK","GBR",1994,4,7,"Right",0,1,57865745,NA,NA,28340.3956,28340.3956,0.469854984,0.39300783124983
"254",254,"UK","GBR",1995,5,7,"Right",0,1,58019030,NA,NA,29233.1539,29233.1539,0.475792369,0.38143170211706
"255",255,"UK","GBR",1996,6,7,"Right",0,1,58166950,1.980518937,1.882196069,29639.7396,29639.7396,0.481285624,0.38447011363848
"256",256,"UK","GBR",1997,7,7,"Right",0,1,58316954,2.016520083,1.872180343,30779.299,30779.299,0.481627435,0.35643519504745
"257",257,"UK","GBR",1998,1,7,"Left",1,0,58487141,2.052521229,1.862164617,32147.3402,32147.3402,0.487465591,0.34119759377498
"258",258,"UK","GBR",1999,2,7,"Left",1,0,58682466,2.062489271,1.815493464,33519.7577,33519.7577,0.491851204,0.31915703811903
"259",259,"UK","GBR",2000,3,7,"Left",1,0,58892514,2.072457314,1.768822312,34415.2639,34415.2639,0.482315779,0.30620685526907
"260",260,"UK","GBR",2001,4,7,"Left",1,0,59119673,2.037546992,1.774273932,35517.8795,35517.8795,0.486728424,0.30387944931657
"261",261,"UK","GBR",2002,5,7,"Left",1,0,59370479,2.002636671,1.779725552,36026.3406,36026.3406,0.488687674,0.2898849188219
"262",262,"UK","GBR",2003,6,7,"Left",1,0,59647577,1.982953906,1.745565295,36906.5808,36906.5808,0.499109264,0.28485274288147
"263",263,"UK","GBR",2004,7,7,"Left",1,0,59987905,1.910911679,1.867567897,37730.4384,37730.4384,0.491353231,0.27581917856646
"264",264,"UK","GBR",2005,8,7,"Left",1,0,60401206,1.89147985,1.761077523,38345.4565,38345.4565,0.500819727,0.26449796155829
"265",265,"UK","GBR",2006,9,7,"Left",1,0,60846820,1.782940269,1.666418314,38587.2706,38587.2706,0.503354274,0.25615519745638
"266",266,"UK","GBR",2007,10,7,"Left",1,0,61322463,1.732870221,1.641020298,39371.8436,39371.8436,0.500419277,0.24415760972462
"267",267,"UK","GBR",2008,1,7,"Left",1,0,61806995,1.668904305,1.634230137,40068.077,40068.077,0.48994382,0.23626720626356
"268",268,"UK","GBR",2009,2,7,"Left",1,0,62276270,1.623889804,1.507895827,39759.9065,39759.9065,0.507428214,0.22644905505146
"269",269,"UK","GBR",2010,3,7,"Left",1,0,62766365,1.605673909,1.617794037,37119.0841,37119.0841,0.467480001,0.22551713605489
"270",270,"UK","GBR",2011,1,7,"Right",0,1,63258810,1.614863515,1.603979349,37579.6098,37579.6098,0.475369122,0.20712243176989
"271",271,"UK","GBR",2012,2,7,"Right",0,1,63700215,1.665460467,1.590896845,37798.1178,37798.1178,0.486641939,0.21217880939553
"272",272,"UK","GBR",2013,3,7,"Right",0,1,64128273,1.718892574,1.512603164,38434.7119,38434.7119,0.500970283,0.20291968090207
"273",273,"UK","GBR",2014,4,7,"Right",0,1,64602298,1.746633649,1.623921633,38966.0721,38966.0721,0.48115237,0.18292907702083
"274",274,"UK","GBR",2015,5,7,"Right",0,1,65116219,1.86961019,1.731592774,39670.651,39670.651,0.470331173,0.17356598915643
"275",275,"UK","GBR",2016,6,7,"Right",0,1,65611593,1.890425801,1.603366613,40271.6243,40271.6243,0.468812061,0.16307900480306
"276",276,"UK","GBR",2017,1,7,"Right",0,1,66058859,1.852673769,1.462094903,40837.5875,40837.5875,0.467995468,0.15456570230932
"277",277,"UK","GBR",2018,2,7,"Right",0,1,66460344,1.840590358,1.392800093,41227.0752,41227.0752,0.468910304,0.14979388195317
"278",278,"UK","GBR",2019,3,7,"Right",0,1,66836327,1.782680988,1.476235986,41647.7056,41647.7056,0.466257027,0.14199473847726
"279",279,"UK","GBR",2020,1,7,"Right",0,1,67081000,1.689631701,1.368001223,37514.78,37514.78,0.466564647,0.14569316611666
"280",280,"Indonesia","IDN",1990,23,2,"0",0,0,182159874,NA,NA,4349.7109,4349.7109,0.568411968,0.51943384768046
"281",281,"Indonesia","IDN",1991,24,2,"0",0,0,185361228,NA,NA,4499.3911,4499.3911,0.573227575,0.51034912171755
"282",282,"Indonesia","IDN",1992,25,2,"0",0,0,188558416,NA,NA,4650.8914,4650.8914,0.577268567,0.50156200820104
"283",283,"Indonesia","IDN",1993,26,2,"0",0,0,191737287,NA,NA,5233.7756,5233.7756,0.580708151,0.4891777748726
"284",284,"Indonesia","IDN",1994,27,2,"0",0,0,194928533,NA,NA,5445.4581,5445.4581,0.588689596,0.47307342087889
"285",285,"Indonesia","IDN",1995,28,2,"0",0,0,198140162,NA,NA,5760.2824,5760.2824,0.594876174,0.46367808608713
"286",286,"Indonesia","IDN",1996,29,2,"0",0,0,201373791,-0.864106297,-0.705335677,6094.8494,6094.8494,0.599605062,0.45021478756856
"287",287,"Indonesia","IDN",1997,30,2,"0",0,0,204628007,-1.012091637,-0.699926585,6565.6246,6565.6246,0.556430068,0.44867497468387
"288",288,"Indonesia","IDN",1998,31,2,"0",0,0,207855486,-1.160076976,-0.694517493,6439.7466,6439.7466,0.508964328,0.51475707329495
"289",289,"Indonesia","IDN",1999,1,2,"0",0,0,210996910,-1.034385711,-0.530285761,5658.9891,5658.9891,0.501783605,0.52284194049382
"290",290,"Indonesia","IDN",2000,1,6,"0",0,0,214072421,-0.908694446,-0.366054028,6727.3403,6727.3403,0.504166724,0.50042761975214
"291",291,"Indonesia","IDN",2001,2,6,"0",0,0,217112437,-1.02299872,-0.458288535,6995.2338,6995.2338,0.514093542,0.50253236611407
"292",292,"Indonesia","IDN",2002,1,6,"0",0,0,220115092,-1.137302995,-0.550523043,6780.4502,6780.4502,0.51514409,0.49064830001476
"293",293,"Indonesia","IDN",2003,2,6,"0",0,0,223080121,-0.979823589,-0.597246408,6901.9142,6901.9142,0.515901094,0.49275735322173
"294",294,"Indonesia","IDN",2004,3,6,"0",0,0,225938595,-0.976611793,-0.490023553,7282.5942,7282.5942,0.530866993,0.4785182153943
"295",295,"Indonesia","IDN",2005,1,7,"0",0,0,228805144,-0.906051815,-0.503756702,7839.0522,7839.0522,0.541339699,0.45799069857406
"296",296,"Indonesia","IDN",2006,2,7,"0",0,0,231797427,-0.86427629,-0.348478645,8153.9547,8153.9547,0.532602752,0.45656048579193
"297",297,"Indonesia","IDN",2007,3,7,"0",0,0,234858289,-0.630509198,-0.308280289,8873.2273,8873.2273,0.543200233,0.44313844366638
"298",298,"Indonesia","IDN",2008,4,7,"0",0,0,237936543,-0.639086068,-0.263586372,9803.0803,9803.0803,0.587444619,0.42080632985803
"299",299,"Indonesia","IDN",2009,5,7,"0",0,0,240981299,-0.889640629,-0.331201553,10389.998,10389.998,0.59861979,0.42058501760998
"300",300,"Indonesia","IDN",2010,6,7,"0",0,0,244016173,-0.803534508,-0.267384022,11899.7733,11899.7733,0.55517343,0.4127833774659
"301",301,"Indonesia","IDN",2011,7,7,"0",0,0,247099697,-0.7558707,-0.322761536,12653.6926,12653.6926,0.570567325,0.43745877896101
"302",302,"Indonesia","IDN",2012,8,7,"0",0,0,250222695,-0.689105809,-0.331714362,13119.6197,13119.6197,0.562947435,0.42200837773188
"303",303,"Indonesia","IDN",2013,9,7,"0",0,0,253275918,-0.660039663,-0.244258091,13358.3136,13358.3136,0.555364151,0.38297280249774
"304",304,"Indonesia","IDN",2014,10,7,"0",0,0,256229761,-0.597599149,-0.06490989,13652.6585,13652.6585,0.554962809,0.38435450509105
"305",305,"Indonesia","IDN",2015,1,7,"0",0,0,259091970,-0.495113581,-0.296328127,13750.3468,13750.3468,0.566820997,0.36659930650022
"306",306,"Indonesia","IDN",2016,2,7,"0",0,0,261850182,-0.43989563,-0.015978131,14209.1171,14209.1171,0.553304264,0.34731556676684
"307",307,"Indonesia","IDN",2017,3,7,"0",0,0,264498852,-0.280535877,0.014091857,14671.0199,14671.0199,0.544675903,0.35236346782538
"308",308,"Indonesia","IDN",2018,4,7,"0",0,0,267066843,-0.276329666,0.176904798,15156.3562,15156.3562,0.59837641,0.36454685167601
"309",309,"Indonesia","IDN",2019,5,7,"0",0,0,269582878,-0.452071995,0.173593521,15642.834,15642.834,0.598376417,0.36343086480206
"310",310,"Indonesia","IDN",2020,6,7,"0",0,0,271857970,-0.432469308,0.350167453,15069.0216,15069.0216,0.598376383,0.35287535376138
"311",311,"India","IND",1990,1,7,"Left",1,0,870452165,NA,NA,2667.63,2667.63,0.460675364,0.90727585063777
"312",312,"India","IND",1991,1,7,"Left",1,0,888941756,NA,NA,2750.1043,2750.1043,0.46480366,0.93457187291878
"313",313,"India","IND",1992,1,7,"Left",1,0,907574049,NA,NA,2723.0925,2723.0925,0.471666832,0.9055161881205
"314",314,"India","IND",1993,2,7,"Left",1,0,926351297,NA,NA,2797.4862,2797.4862,0.485257214,0.88286649767676
"315",315,"India","IND",1994,3,7,"Left",1,0,945261958,NA,NA,2853.1896,2853.1896,0.49640637,0.85680707771512
"316",316,"India","IND",1995,4,7,"Left",1,0,964279129,NA,NA,2965.8723,2965.8723,0.496739842,0.82834772008925
"317",317,"India","IND",1996,5,7,"Left",1,0,983281218,-0.381090343,-0.111606687,3104.0018,3104.0018,0.493778911,0.79222084284925
"318",318,"India","IND",1997,1,7,"Left",1,0,1002335230,-0.319908544,-0.113032043,3257.6323,3257.6323,0.499865346,0.78669484399809
"319",319,"India","IND",1998,2,7,"Left",1,0,1021434576,-0.258726746,-0.114457399,3296.9856,3296.9856,0.503775785,0.75364665820242
"320",320,"India","IND",1999,1,7,"Right",0,1,1040500054,-0.331014276,-0.150904462,3404.0835,3404.0835,0.50564837,0.71887270665238
"321",321,"India","IND",2000,2,7,"Right",0,1,1059633675,-0.403301805,-0.187351525,3614.3668,3614.3668,0.508535742,0.70447378928234
"322",322,"India","IND",2001,3,7,"Right",0,1,1078970907,-0.479342148,-0.188209973,3674.5315,3674.5315,0.517804328,0.68090162025652
"323",323,"India","IND",2002,4,7,"Right",0,1,1098313039,-0.55538249,-0.189068422,3764.9898,3764.9898,0.527211603,0.66599043811789
"324",324,"India","IND",2003,5,7,"Right",0,1,1117415123,-0.456320524,-0.14701654,3800.5531,3800.5531,0.536751033,0.63367838447963
"325",325,"India","IND",2004,6,7,"Right",0,1,1136264583,-0.448476195,-0.183868796,4012.7241,4012.7241,0.546415616,0.61729761947989
"326",326,"India","IND",2005,1,7,"Left",1,0,1154638713,-0.363160849,-0.102668457,4230.0719,4230.0719,0.556197564,0.59154745365708
"327",327,"India","IND",2006,2,7,"Left",1,0,1172373788,-0.274562806,-0.099568792,4517.8343,4517.8343,0.565972277,0.57346844000863
"328",328,"India","IND",2007,3,7,"Left",1,0,1189691809,-0.397690296,0.136385813,4811.8082,4811.8082,0.575955672,0.56588692879159
"329",329,"India","IND",2008,4,7,"Left",1,0,1206734806,-0.339097977,-0.012702087,5146.7745,5146.7745,0.586133516,0.57428620416584
"330",330,"India","IND",2009,5,7,"Left",1,0,1223640160,-0.452406287,-0.006081604,5222.2177,5222.2177,0.596489817,0.56433568900611
"331",331,"India","IND",2010,6,7,"Left",1,0,1240613620,-0.463754565,0.029132048,5535.2304,5535.2304,0.60700628,0.54330102571523
"332",332,"India","IND",2011,7,7,"Left",1,0,1257621191,-0.540835857,0.019836776,5952.4967,5952.4967,0.620348378,0.53909344982736
"333",333,"India","IND",2012,8,7,"Left",1,0,1274487215,-0.51396811,-0.159344167,6194.4755,6194.4755,0.626372906,0.54200873391419
"334",334,"India","IND",2013,9,7,"Left",1,0,1291132063,-0.517085731,-0.160392627,6390.0069,6390.0069,0.62785911,0.51572987382234
"335",335,"India","IND",2014,10,7,"Left",1,0,1307246509,-0.457155108,-0.225482807,6708.9531,6708.9531,0.633618243,0.50648371791667
"336",336,"India","IND",2015,1,7,"Right",0,1,1322866505,-0.381759197,0.109133676,7092.6956,7092.6956,0.633618243,0.47350016574191
"337",337,"India","IND",2016,2,7,"Right",0,1,1338636340,-0.313535988,0.090959072,7524.2317,7524.2317,0.63361805,0.4442787434277
"338",338,"India","IND",2017,3,7,"Right",0,1,1354195680,-0.266855359,0.06893447,7911.4527,7911.4527,0.633618161,0.4337410781173
"339",339,"India","IND",2018,4,7,"Right",0,1,1369003306,-0.205844283,0.295401305,8281.5113,8281.5113,0.633618098,0.42612423773241
"340",340,"India","IND",2019,5,7,"Right",0,1,1383112050,-0.279873192,0.160742477,8509.7284,8509.7284,0.633618052,0.40767498229692
"341",341,"India","IND",2020,6,7,"Right",0,1,1396387127,-0.270809293,0.405513287,7973.694,7973.694,0.633618052,0.40831706450696
"342",342,"Italy","ITA",1990,1,7,"Center",0,0,56719240,NA,NA,36049.1141,36049.1141,0.461410901,0.24757259876393
"343",343,"Italy","ITA",1991,2,7,"Center",0,0,56758521,NA,NA,36286.7242,36286.7242,0.457016281,0.24264292617548
"344",344,"Italy","ITA",1992,3,7,"Center",0,0,56797087,NA,NA,36045.9862,36045.9862,0.462574075,0.23814786271291
"345",345,"Italy","ITA",1993,1,7,"Left",1,0,56831821,NA,NA,35477.577,35477.577,0.47185275,0.23715174949301
"346",346,"Italy","ITA",1994,1,7,"Left",1,0,56843400,NA,NA,35987.096,35987.096,0.472312844,0.23034070346997
"347",347,"Italy","ITA",1995,1,7,"Right",0,1,56844303,NA,NA,36772.191,36772.191,0.481383312,0.23592146990203
"348",348,"Italy","ITA",1996,1,7,"Right",0,1,56860281,0.407847583,0.840325475,37044.2077,37044.2077,0.487843633,0.23118260158834
"349",349,"Italy","ITA",1997,1,7,"Center",0,0,56890372,0.449405029,0.834697723,37532.5865,37532.5865,0.489858096,0.22863190584941
"350",350,"Italy","ITA",1998,2,7,"Center",0,0,56906744,0.490962476,0.829069972,37980.8424,37980.8424,0.498756531,0.2286773599554
"351",351,"Italy","ITA",1999,1,7,"Center",0,0,56916317,0.595213667,0.775906295,38474.8299,38474.8299,0.497018274,0.22813077234546
"352",352,"Italy","ITA",2000,2,7,"Center",0,0,56942108,0.699464858,0.722742617,39767.7181,39767.7181,0.505293063,0.22244035229274
"353",353,"Italy","ITA",2001,3,7,"Center",0,0,56974100,0.611465842,0.737999022,40363.7388,40363.7388,0.508374973,0.21678861425472
"354",354,"Italy","ITA",2002,1,7,"Right",0,1,57059007,0.523466825,0.753255427,40321.8901,40321.8901,0.499026268,0.21999840808466
"355",355,"Italy","ITA",2003,2,7,"Right",0,1,57313203,0.484606415,0.743578076,39991.3068,39991.3068,0.502082481,0.22715383968137
"356",356,"Italy","ITA",2004,3,7,"Right",0,1,57685327,0.361397028,0.6278373,40257.9306,40257.9306,0.50170198,0.22753015694968
"357",357,"Italy","ITA",2005,4,7,"Right",0,1,57969484,0.403579652,0.555958807,40327.4987,40327.4987,0.493591581,0.22600518085939
"358",358,"Italy","ITA",2006,5,7,"Right",0,1,58143979,0.477287948,0.355828702,40968.7117,40968.7117,0.495195283,0.2173646270805
"359",359,"Italy","ITA",2007,6,7,"Left",1,0,58438310,0.331189245,0.191472277,41389.8954,41389.8954,0.496214956,0.21140427361643
"360",360,"Italy","ITA",2008,7,7,"Left",1,0,58826731,0.262665063,0.272491664,40618.714,40618.714,0.482640715,0.20756045794349
"361",361,"Italy","ITA",2009,1,7,"Right",0,1,59095365,0.194480166,0.417080879,38210.1475,38210.1475,0.483368224,0.19823045738495
"362",362,"Italy","ITA",2010,2,7,"Right",0,1,59277417,0.283443719,0.467079729,38752.0238,38752.0238,0.490683439,0.19896284485944
"363",363,"Italy","ITA",2011,3,7,"Right",0,1,59379449,0.299565822,0.40326032,38666.0613,38666.0613,0.4966388,0.19313020636946
"364",364,"Italy","ITA",2012,1,7,"-999",0,0,59539717,0.172010645,0.447233975,37355.5923,37355.5923,0.502383163,0.19141213408864
"365",365,"Italy","ITA",2013,2,7,"-999",0,0,60233948,0.071097754,0.532884181,36358.7731,36358.7731,0.505919282,0.18131754401046
"366",366,"Italy","ITA",2014,1,7,"0",0,0,60789140,0.005989762,0.473363519,36248.4348,36248.4348,0.503894998,0.17306625726463
"367",367,"Italy","ITA",2015,1,7,"0",0,0,60730582,0.05497352,0.519599438,36361.4695,36361.4695,0.498617988,0.17590430780271
"368",368,"Italy","ITA",2016,2,7,"0",0,0,60627498,0.109893784,0.575462759,36735.088,36735.088,0.509575824,0.1715080436681
"369",369,"Italy","ITA",2017,1,7,"0",0,0,60536709,0.20415175,0.522762895,37290.015,37290.015,0.514419388,0.16782951150319
"370",370,"Italy","ITA",2018,2,7,"0",0,0,60421760,0.242468223,0.438418537,37606.469,37606.469,0.516138485,0.16423671748017
"371",371,"Italy","ITA",2019,1,7,"-999",0,0,59729081,0.260285705,0.478667974,37742.8009,37742.8009,0.514182707,0.15865411017952
"372",372,"Italy","ITA",2020,2,7,"-999",0,0,59438851,0.535262406,0.393574446,34350.2501,34350.2501,0.511770658,0.15799382806718
"373",373,"Japan","JPN",1990,1,7,"Right",0,1,123478000,NA,NA,32281.5059,32281.5059,0.517664238,0.32590553232839
"374",374,"Japan","JPN",1991,2,7,"Right",0,1,123964000,NA,NA,32954.4382,32954.4382,0.506808499,0.31814320987626
"375",375,"Japan","JPN",1992,1,7,"Right",0,1,124425000,NA,NA,32850.3757,32850.3757,0.473710395,0.3175136640809
"376",376,"Japan","JPN",1993,2,7,"Right",0,1,124829000,NA,NA,32575.5356,32575.5356,0.47877994,0.31808564818698
"377",377,"Japan","JPN",1994,1,7,"Right",0,1,125178000,NA,NA,32529.7295,32529.7295,0.482078753,0.32907934100662
"378",378,"Japan","JPN",1995,1,7,"Left",1,0,125472000,NA,NA,32827.4136,32827.4136,0.492128771,0.32459932349202
"379",379,"Japan","JPN",1996,2,7,"Left",1,0,125757000,1.192311883,0.910290778,33377.617,33377.617,0.502450134,0.31747357702354
"380",380,"Japan","JPN",1997,1,7,"Right",0,1,126057000,1.129121542,0.963553816,33560.3183,33560.3183,0.500851138,0.31034009250553
"381",381,"Japan","JPN",1998,2,7,"Right",0,1,126400000,1.065931201,1.016816854,32572.2895,32572.2895,0.503185043,0.3018663656463
"382",382,"Japan","JPN",1999,1,7,"Right",0,1,126631000,1.147925079,1.079326272,32215.3746,32215.3746,0.508814261,0.30973124265481
"383",383,"Japan","JPN",2000,2,7,"Right",0,1,126843000,1.229918957,1.14183569,32621.897,32621.897,0.519613196,0.30210348774507
"384",384,"Japan","JPN",2001,1,7,"Right",0,1,127149000,1.083429396,1.079341829,32525.4695,32525.4695,0.529379581,0.29606792807383
"385",385,"Japan","JPN",2002,2,7,"Right",0,1,127445000,0.936939836,1.016847968,32466.4966,32466.4966,0.538218541,0.30213722449306
"386",386,"Japan","JPN",2003,3,7,"Right",0,1,127718000,1.169873714,1.156972408,32808.2599,32808.2599,0.544644481,0.29853506067025
"387",387,"Japan","JPN",2004,4,7,"Right",0,1,127761000,1.200011015,1.342913747,33405.373,33405.373,0.553093846,0.29024775491478
"388",388,"Japan","JPN",2005,5,7,"Right",0,1,127773000,1.210124135,1.285090446,33672.6391,33672.6391,0.554096924,0.2869843908404
"389",389,"Japan","JPN",2006,6,7,"Right",0,1,127854000,1.320848703,1.584587932,34208.8589,34208.8589,0.554855293,0.27714186608517
"390",390,"Japan","JPN",2007,7,7,"Right",0,1,128001000,1.230227828,1.4407022,34855.6296,34855.6296,0.556274928,0.28007999528168
"391",391,"Japan","JPN",2008,8,7,"Right",0,1,128063000,1.32388854,1.451211333,34459.7302,34459.7302,0.547885409,0.2681844890923
"392",392,"Japan","JPN",2009,1,7,"Right",0,1,128047000,1.369224548,1.449903965,32541.6459,32541.6459,0.533619579,0.26983754856648
"393",393,"Japan","JPN",2010,1,7,"0",0,0,128070000,1.553623199,1.522145867,33790.5957,33790.5957,0.538480383,0.27211418396049
"394",394,"Japan","JPN",2011,1,7,"0",0,0,127833000,1.55437541,1.466697097,33896.6143,33896.6143,0.53532147,0.28216332426549
"395",395,"Japan","JPN",2012,1,7,"0",0,0,127629000,1.618948698,1.407681942,34471.7397,34471.7397,0.535420899,0.28589152120347
"396",396,"Japan","JPN",2013,1,7,"0",0,0,127445000,1.648278475,1.610950589,35249.7161,35249.7161,0.536828313,0.28349122141382
"397",397,"Japan","JPN",2014,2,7,"0",0,0,127276000,1.690476179,1.806141734,35355.0612,35355.0612,0.536441118,0.27236803506314
"398",398,"Japan","JPN",2015,3,7,"0",0,0,127141000,1.566597342,1.779806733,35910.1874,35910.1874,0.537675144,0.25999998226894
"399",399,"Japan","JPN",2016,4,7,"0",0,0,127076000,1.519624949,1.8146981,36199.1474,36199.1474,0.536887903,0.25542709264097
"400",400,"Japan","JPN",2017,5,7,"0",0,0,126972000,1.518158913,1.611937165,36819.9499,36819.9499,0.536419615,0.2483559307415
"401",401,"Japan","JPN",2018,6,7,"0",0,0,126811000,1.420951128,1.667645335,37042.1946,37042.1946,0.536419494,0.23904282790788
"402",402,"Japan","JPN",2019,7,7,"0",0,0,126633000,1.463698387,1.579613686,37170.9891,37170.9891,0.536419561,0.23259381789412
"403",403,"Japan","JPN",2020,8,7,"0",0,0,126261000,1.49305594,1.587120533,35510.3469,35510.3469,0.536419536,0.23009554577636
"404",404,"Korea","KOR",1990,3,7,"Right",0,1,42869283,NA,NA,15189.5288,15189.5288,0.44297273,0.60890550345088
"405",405,"Korea","KOR",1991,4,7,"Right",0,1,43295704,NA,NA,16364.7393,16364.7393,0.44297273,0.5997165496008
"406",406,"Korea","KOR",1992,5,7,"Right",0,1,43747962,NA,NA,16975.6164,16975.6164,0.44297273,0.59776106586076
"407",407,"Korea","KOR",1993,1,7,"Right",0,1,44194628,NA,NA,17755.1603,17755.1603,0.44297273,0.59542877076176
"408",408,"Korea","KOR",1994,2,7,"Right",0,1,44641540,NA,NA,19014.051,19014.051,0.44297273,0.58437686752839
"409",409,"Korea","KOR",1995,3,7,"Right",0,1,45092991,NA,NA,20463.5867,20463.5867,0.44297273,0.57512100551003
"410",410,"Korea","KOR",1996,4,7,"Center",0,0,45524681,0.38219744,0.473718643,21687.6831,21687.6831,0.44297273,0.56766426799065
"411",411,"Korea","KOR",1997,5,7,"Center",0,0,45953580,0.339702845,0.382137641,22634.2033,22634.2033,0.44297273,0.56619209150048
"412",412,"Korea","KOR",1998,1,7,"Center",0,0,46286503,0.29720825,0.290556639,21146.756,21146.756,0.44297273,0.51363571935191
"413",413,"Korea","KOR",1999,2,7,"Center",0,0,46616677,0.283826709,0.452048615,23192.6795,23192.6795,0.44297273,0.50061575084876
"414",414,"Korea","KOR",2000,3,7,"Center",0,0,47008111,0.270445168,0.61354059,24814.2599,24814.2599,0.44297273,0.50503220201993
"415",415,"Korea","KOR",2001,4,7,"Center",0,0,47370164,0.379817218,0.704922915,25478.8548,25478.8548,0.44297273,0.48646568857306
"416",416,"Korea","KOR",2002,5,7,"Center",0,0,47644736,0.489189267,0.796305239,26948.0787,26948.0787,0.44297273,0.45756887911032
"417",417,"Korea","KOR",2003,1,7,"Center",0,0,47892330,0.544911742,0.79389745,27359.5795,27359.5795,0.44297273,0.44509980249541
"418",418,"Korea","KOR",2004,2,7,"Center",0,0,48082519,0.37884891,0.819718063,28454.7761,28454.7761,0.44297273,0.44005459080173
"419",419,"Korea","KOR",2005,3,7,"Center",0,0,48184561,0.5923329,0.928436816,29403.9687,29403.9687,0.44297273,0.42211577855459
"420",420,"Korea","KOR",2006,4,7,"Center",0,0,48438292,0.30060637,0.987868607,30522.6586,30522.6586,0.44297273,0.4061499760254
"421",421,"Korea","KOR",2007,5,7,"Center",0,0,48683638,0.56971693,1.208933949,31922.1774,31922.1774,0.446475616,0.39310238592094
"422",422,"Korea","KOR",2008,1,7,"Right",0,1,49054708,0.425825089,0.999494493,32394.6261,32394.6261,0.458559983,0.38663695654079
"423",423,"Korea","KOR",2009,2,7,"Right",0,1,49307835,0.499742419,1.030014992,32312.0997,32312.0997,0.461626387,0.38943023269486
"424",424,"Korea","KOR",2010,3,7,"Right",0,1,49554112,0.426656723,1.154882669,33976.0206,33976.0206,0.463703518,0.39505037669384
"425",425,"Korea","KOR",2011,4,7,"Right",0,1,49936638,0.483322471,1.165251732,34623.2349,34623.2349,0.466117589,0.39747074746207
"426",426,"Korea","KOR",2012,5,7,"Right",0,1,50199853,0.495882243,1.080360174,35083.6146,35083.6146,0.443726793,0.39099706636306
"427",427,"Korea","KOR",2013,1,7,"Right",0,1,50428893,0.581155181,1.008804202,35817.5324,35817.5324,0.447618458,0.37776136983089
"428",428,"Korea","KOR",2014,2,7,"Right",0,1,50746659,0.512293756,1.039786458,36543.3879,36543.3879,0.436928581,0.36395357354434
"429",429,"Korea","KOR",2015,3,7,"Right",0,1,51014947,0.369409919,1.009095907,37377.5029,37377.5029,0.457557133,0.36317741272593
"430",430,"Korea","KOR",2016,4,7,"Right",0,1,51217803,0.451095492,1.059131384,38019.4629,38019.4629,0.457557129,0.36067296438004
"431",431,"Korea","KOR",2017,5,7,"Right",0,1,51361911,0.476266265,1.068592548,38773.8107,38773.8107,0.461246846,0.35439809699926
"432",432,"Korea","KOR",2018,1,7,"0",0,0,51585058,0.601387858,1.17572403,39554.1001,39554.1001,0.461463729,0.34657239316121
"433",433,"Korea","KOR",2019,2,7,"0",0,0,51764822,0.733462095,1.369798899,40137.477,40137.477,0.461446585,0.33041223676157
"434",434,"Korea","KOR",2020,3,7,"0",0,0,51836239,0.724579334,1.407164097,39547.1395,39547.1395,0.461309705,0.31835675198907
"435",435,"Mexico","MEX",1990,2,7,"Center",0,0,81720428,NA,NA,18227.9108,18227.9108,0.693559543,0.37505560965464
"436",436,"Mexico","MEX",1991,3,7,"Center",0,0,83351595,NA,NA,18570.8946,18570.8946,0.693559543,0.37474029826964
"437",437,"Mexico","MEX",1992,4,7,"Center",0,0,84993164,NA,NA,18732.665,18732.665,0.693559543,0.36592207903118
"438",438,"Mexico","MEX",1993,5,7,"Center",0,0,86648447,NA,NA,23131.0499,23131.0499,0.693559543,0.36706137611441
"439",439,"Mexico","MEX",1994,6,7,"Center",0,0,88314424,NA,NA,23686.4946,23686.4946,0.693559543,0.37246476492605
"440",440,"Mexico","MEX",1995,1,7,"Center",0,0,89969572,NA,NA,21727.3463,21727.3463,0.693559543,0.39090407857424
"441",441,"Mexico","MEX",1996,2,7,"Center",0,0,91586555,-0.512428641,0.225326702,21975.1005,21975.1005,0.693559543,0.38160766695955
"442",442,"Mexico","MEX",1997,3,7,"Center",0,0,93183094,-0.451175839,0.304848142,23090.3903,23090.3903,0.693559543,0.37900311461505
"443",443,"Mexico","MEX",1998,4,7,"Center",0,0,94767284,-0.389923036,0.384369582,23783.898,23783.898,0.693559543,0.3782388177625
"444",444,"Mexico","MEX",1999,5,7,"Center",0,0,96334810,-0.231891669,0.330275759,24086.2826,24086.2826,0.693559543,0.36172177169981
"445",445,"Mexico","MEX",2000,6,7,"Center",0,0,97873442,-0.073860303,0.276181936,24558.325,24558.325,0.693559543,0.36112246194855
"446",446,"Mexico","MEX",2001,1,7,"Right",0,1,99394288,-0.162216283,0.247284241,23986.1998,23986.1998,0.693559543,0.36224150786793
"447",447,"Mexico","MEX",2002,2,7,"Right",0,1,100917081,-0.250572264,0.218386546,23164.3127,23164.3127,0.693559543,0.36780018224289
"448",448,"Mexico","MEX",2003,3,7,"Right",0,1,102429341,-0.241587132,0.135325372,22065.2128,22065.2128,0.706135037,0.37843400445915
"449",449,"Mexico","MEX",2004,4,7,"Right",0,1,103945813,-0.389334857,0.078619517,22414.0159,22414.0159,0.718710357,0.37068169529422
"450",450,"Mexico","MEX",2005,5,7,"Right",0,1,105442402,-0.344179541,0.033137795,22635.4963,22635.4963,0.718029995,0.37544663728064
"451",451,"Mexico","MEX",2006,6,7,"Right",0,1,106886790,-0.325125188,0.051777285,23202.5872,23202.5872,0.717350123,0.37206914150011
"452",452,"Mexico","MEX",2007,1,7,"Right",0,1,108302973,-0.341457367,0.138943002,23451.6924,23451.6924,0.735921546,0.37115433662119
"453",453,"Mexico","MEX",2008,2,7,"Right",0,1,109684489,-0.309849888,0.163555026,23242.477,23242.477,0.754492991,0.3713731834439
"454",454,"Mexico","MEX",2009,3,7,"Right",0,1,111049428,-0.365960121,0.144824192,21665.4625,21665.4625,0.748802983,0.38922653101843
"455",455,"Mexico","MEX",2010,4,7,"Right",0,1,112532401,-0.439748138,0.099259831,22319.9108,22319.9108,0.743113073,0.37879642616554
"456",456,"Mexico","MEX",2011,3,7,"Right",0,1,114150481,-0.474737763,0.257281601,22768.676,22768.676,0.748975691,0.37199308186375
"457",457,"Mexico","MEX",2012,2,7,"Right",0,1,115755909,-0.484527588,0.30096364,23324.7547,23324.7547,0.754838244,0.36697259733407
"458",458,"Mexico","MEX",2013,1,7,"Center",0,0,117290686,-0.59152025,0.307451427,23182.5254,23182.5254,0.75261587,0.3588487841244
"459",459,"Mexico","MEX",2014,2,7,"Center",0,0,118755887,-0.842649996,0.138297051,23352.3643,23352.3643,0.750393403,0.34392295821613
"460",460,"Mexico","MEX",2015,3,7,"Center",0,0,120149897,-0.867699027,0.151816562,23637.8571,23637.8571,0.743472731,0.33659682507633
"461",461,"Mexico","MEX",2016,4,7,"Center",0,0,121519221,-0.830518782,0.063901789,23808.5414,23808.5414,0.736593056,0.33158231690667
"462",462,"Mexico","MEX",2017,5,7,"Center",0,0,122839258,-0.932947338,-0.031995479,23866.8627,23866.8627,0.744188669,0.32621162931058
"463",463,"Mexico","MEX",2018,6,7,"Center",0,0,124013861,-0.929513454,-0.263602465,23953.4804,23953.4804,0.75181775,0.31048870011305
"464",464,"Mexico","MEX",2019,1,7,"Left",1,0,125085311,-0.899168849,-0.27937749,23493.1294,23493.1294,0.74859817,0.31516321166391
"465",465,"Mexico","MEX",2020,2,7,"Left",1,0,125998302,-0.902077496,-0.24266322,21173.63,21173.63,0.745373513,0.32014744003295
"466",466,"Russia","RUS",1992,1,7,"0",0,0,148538197,NA,NA,18320.682,18320.682,0.435351718,1.0752000437184
"467",467,"Russia","RUS",1993,2,7,"0",0,0,148458777,NA,NA,16637.055,16637.055,0.459436321,1.080925439775
"468",468,"Russia","RUS",1994,3,7,"0",0,0,148407912,NA,NA,14471.2447,14471.2447,0.536552714,1.1207200558448
"469",469,"Russia","RUS",1995,4,7,"0",0,0,148375787,NA,NA,13798.8612,13798.8612,0.561854112,1.1354576984967
"470",470,"Russia","RUS",1996,5,7,"0",0,0,148160129,-1.053341627,-0.452226609,13278.4485,13278.4485,0.634338529,1.1462869808017
"471",471,"Russia","RUS",1997,6,7,"0",0,0,147915361,-1.003857583,-0.557390049,13355.3289,13355.3289,0.592307304,1.0626313595615
"472",472,"Russia","RUS",1998,7,7,"0",0,0,147670784,-0.954373538,-0.662553489,12657.7428,12657.7428,0.563610812,1.1165902281481
"473",473,"Russia","RUS",1999,8,7,"0",0,0,147214776,-0.948893785,-0.66800487,13299.5019,13299.5019,0.581644237,1.0756824126405
"474",474,"Russia","RUS",2000,9,7,"0",0,0,146596869,-0.943414032,-0.673456252,14396.4828,14396.4828,0.601428827,0.99927441053908
"475",475,"Russia","RUS",2001,1,7,"0",0,0,145976482,-0.949131131,-0.524817988,15117.6392,15117.6392,0.607905821,0.95646599990508
"476",476,"Russia","RUS",2002,2,7,"0",0,0,145306497,-0.95484823,-0.376179725,15869.7253,15869.7253,0.593058933,0.90960242866722
"477",477,"Russia","RUS",2003,3,7,"0",0,0,144648618,-0.783091724,-0.495257616,16855.0549,16855.0549,0.596259651,0.87474924686818
"478",478,"Russia","RUS",2004,4,7,"0",0,0,144067316,-0.825626493,-0.479853064,18167.2652,18167.2652,0.589174737,0.82079215668737
"479",479,"Russia","RUS",2005,5,7,"0",0,0,143518814,-0.847120821,-0.52384764,19249.3723,19249.3723,0.582646125,0.77238756292718
"480",480,"Russia","RUS",2006,6,7,"0",0,0,143049637,-0.940847754,-0.466379404,20746.7,20746.7,0.596969509,0.72637823954935
"481",481,"Russia","RUS",2007,7,7,"0",0,0,142805114,-1.017580867,-0.406899631,22403.8491,22403.8491,0.598158426,0.67317842662072
"482",482,"Russia","RUS",2008,8,7,"0",0,0,142742366,-1.125228643,-0.410940289,23428.5385,23428.5385,0.612119439,0.63817838437835
"483",483,"Russia","RUS",2009,1,7,"Center",0,0,142785349,-1.141306877,-0.495853245,21479.1087,21479.1087,0.586251076,0.65568960091013
"484",484,"Russia","RUS",2010,2,7,"Center",0,0,142849468,-1.099214792,-0.601510108,22242.8273,22242.8273,0.549109048,0.65598780282018
"485",485,"Russia","RUS",2011,3,7,"Center",0,0,142960908,-1.074376822,-0.601379693,24716.6508,24716.6508,0.564876106,0.6563271340783
"486",486,"Russia","RUS",2012,4,7,"Center",0,0,143201721,-1.051571608,-0.533574045,25710.1984,25710.1984,0.546766806,0.63210970895881
"487",487,"Russia","RUS",2013,1,7,"Center",0,0,143506995,-1.020386815,-0.449865073,25933.8218,25933.8218,0.560877941,0.60847800615679
"488",488,"Russia","RUS",2014,2,7,"Center",0,0,143819667,-0.918525219,-0.187570468,26565.5082,26565.5082,0.543938018,0.59915979892481
"489",489,"Russia","RUS",2015,3,7,"Center",0,0,144096870,-0.952242792,-0.294513345,25533.2863,25533.2863,0.540692853,0.61495803252161
"490",490,"Russia","RUS",2016,4,7,"Center",0,0,144342397,-0.817593098,-0.285805225,24699.1515,24699.1515,0.543336897,0.61011818217059
"491",491,"Russia","RUS",2017,5,7,"Center",0,0,144496739,-0.893895388,-0.152871698,25106.441,25106.441,0.539675719,0.61444352689795
"492",492,"Russia","RUS",2018,6,7,"Center",0,0,144477859,-0.848470867,-0.064721718,25902.8379,25902.8379,0.546453006,0.62442033283138
"493",493,"Russia","RUS",2019,7,7,"Center",0,0,144406261,-0.802163482,0.065289877,26533.5878,26533.5878,0.547529577,0.63254881636696
"494",494,"Russia","RUS",2020,8,6,"Center",0,0,144073139,-0.909426033,-0.077657536,25855.7903,25855.7903,0.58199663,0.6246981089318
"495",495,"Saudi Arabia","SAU",1990,8,2,"0",0,0,16004763,NA,NA,73558.2825,73558.2825,0.664356829,0.35326638393285
"496",496,"Saudi Arabia","SAU",1991,9,2,"0",0,0,16654276,NA,NA,81790.5709,81790.5709,0.664356925,0.32485340569628
"497",497,"Saudi Arabia","SAU",1992,10,2,"0",0,0,17281350,NA,NA,82677.2983,82677.2983,0.664356801,0.33236118246567
"498",498,"Saudi Arabia","SAU",1993,11,2,"0",0,0,17846461,NA,NA,79568.4416,79568.4416,0.664356871,0.35038750169467
"499",499,"Saudi Arabia","SAU",1994,12,2,"0",0,0,18367528,NA,NA,78190.2782,78190.2782,0.66435693,0.37092113222147
"500",500,"Saudi Arabia","SAU",1995,13,2,"0",0,0,18888857,NA,NA,76591.1341,76591.1341,0.664356801,0.36598062340525
"501",501,"Saudi Arabia","SAU",1996,14,2,"0",0,0,19410280,-0.163303331,-0.183629289,76215.9819,76215.9819,0.664144667,0.37768883308754
"502",502,"Saudi Arabia","SAU",1997,15,2,"0",0,0,19938377,-0.213406213,-0.201357514,74531.6366,74531.6366,0.663930334,0.38113346949223
"503",503,"Saudi Arabia","SAU",1998,16,2,"0",0,0,20472580,-0.263509095,-0.219085738,74070.9154,74070.9154,0.663714053,0.38952477811737
"504",504,"Saudi Arabia","SAU",1999,17,2,"0",0,0,21009660,-0.229327388,-0.224246792,68783.0587,68783.0587,0.663689822,0.40720205960915
"505",505,"Saudi Arabia","SAU",2000,18,2,"0",0,0,21547390,-0.195145682,-0.229407847,70043.421,70043.421,0.663684674,0.40776895561476
"506",506,"Saudi Arabia","SAU",2001,19,2,"0",0,0,22085929,-0.006462008,-0.283626318,66380.4113,66380.4113,0.663702392,0.42779254036031
"507",507,"Saudi Arabia","SAU",2002,20,2,"0",0,0,22623415,0.182221666,-0.337844789,61790.1657,61790.1657,0.663747037,0.46487578854892
"508",508,"Saudi Arabia","SAU",2003,21,2,"0",0,0,23150847,-0.167679191,-0.354694009,65794.5321,65794.5321,0.663824735,0.44607068856175
"509",509,"Saudi Arabia","SAU",2004,22,2,"0",0,0,23661808,-0.297835916,-0.373227358,67965.7154,67965.7154,0.663942579,0.43626609272781
"510",510,"Saudi Arabia","SAU",2005,23,2,"0",0,0,24397644,-0.103524342,-0.38093847,68662.9586,68662.9586,0.664110079,0.44017139569289
"511",511,"Saudi Arabia","SAU",2006,1,2,"0",0,0,25382870,-0.195399955,-0.180731818,67653.8319,67653.8319,0.665026687,0.45097421755395
"512",512,"Saudi Arabia","SAU",2007,2,2,"0",0,0,26400068,-0.169473514,-0.125066921,66006.2248,66006.2248,0.666034022,0.46322547219252
"513",513,"Saudi Arabia","SAU",2008,3,2,"0",0,0,27437353,-0.014675688,-0.095439591,67156.5565,67156.5565,0.667135254,0.46807370792892
"514",514,"Saudi Arabia","SAU",2009,4,2,"0",0,0,28483797,-0.020552717,-0.101208657,62949.9233,62949.9233,0.668361657,0.49528075215969
"515",515,"Saudi Arabia","SAU",2010,5,2,"0",0,0,29411929,0.036955286,-0.012174686,63237.4373,63237.4373,0.664978029,0.51081773149598
"516",516,"Saudi Arabia","SAU",2011,6,2,"0",0,0,30150945,-0.312528074,-0.308550298,65964.7966,65964.7966,0.66165773,0.4827876453917
"517",517,"Saudi Arabia","SAU",2012,7,2,"0",0,0,30821543,-0.045678299,0.031393375,65975.0042,65975.0042,0.658391286,0.48402602278205
"518",518,"Saudi Arabia","SAU",2013,8,2,"0",0,0,31482498,-0.027216319,0.070713468,64440.6922,64440.6922,0.654917694,0.47688830740298
"519",519,"Saudi Arabia","SAU",2014,9,2,"0",0,0,32125564,0.081855386,0.205546021,63795.4066,63795.4066,0.656414922,0.48722068010919
"520",520,"Saudi Arabia","SAU",2015,10,2,"0",0,0,32749848,0.047485378,0.198126718,63764.9677,63764.9677,0.655251853,0.48562675447364
"521",521,"Saudi Arabia","SAU",2016,1,2,"0",0,0,33416270,0.224984735,0.258924305,62937.6466,62937.6466,0.653602687,0.47769829647559
"522",522,"Saudi Arabia","SAU",2017,2,2,"0",0,0,34193122,0.359226704,0.254605442,60815.6621,60815.6621,0.652014318,0.47639619051333
"523",523,"Saudi Arabia","SAU",2018,3,2,"0",0,0,35018133,0.355426997,0.318702549,60813.3631,60813.3631,0.650483724,0.45393057150785
"524",524,"Saudi Arabia","SAU",2019,4,2,"0",0,0,35827362,0.270871371,0.302020937,59691.0333,59691.0333,0.650483671,0.45197357419811
"525",525,"Saudi Arabia","SAU",2020,5,2,"0",0,0,35997107,0.265087098,0.139777943,56080.4411,56080.4411,0.650483712,0.46870740647736
"526",526,"Russia","RUS",1990,5,3,"Left",1,0,147969407,NA,NA,22917.8777,22917.8777,0.325535896,0.96047256063771
"527",527,"Russia","RUS",1991,6,3,"Left",1,0,148394216,NA,NA,21571.9984,21571.9984,0.335506445,0.99399842922422
"528",528,"Turkey","TUR",1990,1,7,"Right",0,1,54324142,NA,NA,18220.5289,18220.5289,0.660476872,0.33492762613211
"529",529,"Turkey","TUR",1991,2,7,"Right",0,1,55321172,NA,NA,17874.1285,17874.1285,0.654466442,0.32710508610741
"530",530,"Turkey","TUR",1992,1,7,"Right",0,1,56302037,NA,NA,18288.73,18288.73,0.648492374,0.32492100647896
"531",531,"Turkey","TUR",1993,2,7,"Right",0,1,57296008,NA,NA,19179.9876,19179.9876,0.642554409,0.31013783643326
"532",532,"Turkey","TUR",1994,1,7,"Right",0,1,58310245,NA,NA,17812.0086,17812.0086,0.63665209,0.31940445329519
"533",533,"Turkey","TUR",1995,2,7,"Right",0,1,59305490,NA,NA,18718.4038,18718.4038,0.636725403,0.31925529000871
"534",534,"Turkey","TUR",1996,1,7,"Right",0,1,60293786,-0.148073524,-0.076127216,19591.9409,19591.9409,0.636797417,0.32166177917703
"535",535,"Turkey","TUR",1997,2,7,"Right",0,1,61277426,-0.251075581,-0.194494717,20550.288,20550.288,0.636868354,0.31490231926932
"536",536,"Turkey","TUR",1998,3,7,"Right",0,1,62242204,-0.354077637,-0.312862217,20523.5764,20523.5764,0.636937816,0.31287653889511
"537",537,"Turkey","TUR",1999,4,7,"Right",0,1,63185615,-0.306078792,-0.166648478,19363.8299,19363.8299,0.637006321,0.32556414888282
"538",538,"Turkey","TUR",2000,1,7,"Left",1,0,64113547,-0.258079946,-0.020434739,20195.7466,20195.7466,0.637073534,0.33097234618639
"539",539,"Turkey","TUR",2001,2,7,"Left",1,0,65072018,-0.414104342,0.016065153,18590.9926,18590.9926,0.63713959,0.32769788196086
"540",540,"Turkey","TUR",2002,3,7,"Left",1,0,65988663,-0.570128739,0.052565046,19317.0111,19317.0111,0.637204535,0.31400141141479
"541",541,"Turkey","TUR",2003,1,7,"0",0,0,66867327,-0.209118396,0.033012386,19944.1282,19944.1282,0.629889185,0.31013443225826
"542",542,"Turkey","TUR",2004,2,7,"0",0,0,67785075,-0.191904396,-0.022910146,21396.7211,21396.7211,0.616411158,0.28585577363009
"543",543,"Turkey","TUR",2005,3,7,"0",0,0,68704715,-0.035272829,0.143588141,22816.0636,22816.0636,0.594491574,0.27151465320377
"544",544,"Turkey","TUR",2006,4,7,"0",0,0,69601333,0.026674604,0.103416599,23891.8828,23891.8828,0.583235469,0.2809988864024
"545",545,"Turkey","TUR",2007,5,7,"0",0,0,70468869,0.112518623,0.327112079,24604.8234,24604.8234,0.576865219,0.28874821397674
"546",546,"Turkey","TUR",2008,6,7,"0",0,0,71320726,0.11532557,0.290181726,24332.3785,24332.3785,0.585262791,0.28522476596688
"547",547,"Turkey","TUR",2009,7,7,"0",0,0,72225639,0.087655708,0.289501756,22709.1846,22709.1846,0.601369984,0.30556220930429
"548",548,"Turkey","TUR",2010,8,7,"0",0,0,73195345,0.025415225,0.314999729,24126.7942,24126.7942,0.592966687,0.29348079973305
"549",549,"Turkey","TUR",2011,9,7,"0",0,0,74173854,0.038242523,0.365651339,26287.3255,26287.3255,0.594552125,0.27920542045881
"550",550,"Turkey","TUR",2012,10,7,"0",0,0,75277439,0.161344782,0.432587445,26980.6167,26980.6167,0.595319658,0.28561470132674
"551",551,"Turkey","TUR",2013,11,7,"0",0,0,76576117,0.091789804,0.399101764,28662.9553,28662.9553,0.585599709,0.2617653624884
"552",552,"Turkey","TUR",2014,12,7,"0",0,0,78112073,-0.134037971,0.394282222,29448.936,29448.936,0.593292566,0.26364061031442
"553",553,"Turkey","TUR",2015,1,7,"0",0,0,79646178,-0.135501251,0.228523105,30580.6304,30580.6304,0.599081714,0.25602883125121
"554",554,"Turkey","TUR",2016,2,7,"0",0,0,81019394,-0.174212188,0.030258318,30922.3554,30922.3554,0.607026774,0.26186435642485
"555",555,"Turkey","TUR",2017,1,7,"0",0,0,82089826,-0.183094859,0.051177416,32515.274,32515.274,0.612336269,0.2639034300646
"556",556,"Turkey","TUR",2018,2,7,"0",0,0,82809304,-0.327101529,-0.026705829,32767.3175,32767.3175,0.613675062,0.25897887098727
"557",557,"Turkey","TUR",2019,1,7,"0",0,0,83481684,-0.302947283,0.019244969,32409.2124,32409.2124,0.598356992,0.25253886380552
"558",558,"Turkey","TUR",2020,2,7,"0",0,0,84135428,-0.338743031,-0.127560288,32425.2001,32425.2001,0.612383196,0.25650941926164
"559",559,"USA","USA",1990,2,7,"Right",0,1,249623000,NA,NA,42853.4556,42853.4556,0.512511842,0.61039231507577
"560",560,"USA","USA",1991,3,7,"Right",0,1,252981000,NA,NA,42216.8404,42216.8404,0.511580159,0.60628537596596
"561",561,"USA","USA",1992,4,7,"Right",0,1,256514000,NA,NA,43115.3556,43115.3556,0.523985664,0.59519445214603
"562",562,"USA","USA",1993,1,7,"Left",1,0,259919000,NA,NA,43761.7,43761.7,0.521026008,0.59104140949797
"563",563,"USA","USA",1994,2,7,"Left",1,0,263126000,NA,NA,45026.9183,45026.9183,0.52063685,0.57772832284934
"564",564,"USA","USA",1995,3,7,"Left",1,0,266278000,NA,NA,45714.54,45714.54,0.528304539,0.56870134991385
"565",565,"USA","USA",1996,4,7,"Left",1,0,269394000,1.571041226,1.524920464,46916.5188,46916.5188,0.535613046,0.56229755600915
"566",566,"USA","USA",1997,5,7,"Left",1,0,272657000,1.560220003,1.611723959,48404.1482,48404.1482,0.541546653,0.56114920668909
"567",567,"USA","USA",1998,6,7,"Left",1,0,275854000,1.54939878,1.698527455,49984.9198,49984.9198,0.543474757,0.54091074706231
"568",568,"USA","USA",1999,7,7,"Left",1,0,279040000,1.576498091,1.711706996,51722.6455,51722.6455,0.546573563,0.51641728469876
"569",569,"USA","USA",2000,8,7,"Left",1,0,282162411,1.603597403,1.724886537,53197.255,53197.255,0.550326556,0.507783170854
"570",570,"USA","USA",2001,1,7,"Right",0,1,284968955,1.738597035,1.672907174,53118.2057,53118.2057,0.544232481,0.49723178222923
"571",571,"USA","USA",2002,2,7,"Right",0,1,287625193,1.873596668,1.620927811,53431.0407,53431.0407,0.540482949,0.47761040597556
"572",572,"USA","USA",2003,3,7,"Right",0,1,290107933,1.704490542,1.539453506,54251.3651,54251.3651,0.54421592,0.46906117901998
"573",573,"USA","USA",2004,4,7,"Right",0,1,292805298,1.810701966,1.739815593,55661.0898,55661.0898,0.551007581,0.45743096410758
"574",574,"USA","USA",2005,5,7,"Right",0,1,295516599,1.536726952,1.530565977,56917.795,56917.795,0.561353633,0.44231945802557
"575",575,"USA","USA",2006,6,7,"Right",0,1,298379912,1.344892621,1.581312895,57825.4671,57825.4671,0.568200453,0.42360820442458
"576",576,"USA","USA",2007,7,7,"Right",0,1,301231207,1.377069235,1.642653704,58235.0928,58235.0928,0.564229183,0.42096825522428
"577",577,"USA","USA",2008,8,7,"Right",0,1,304093966,1.437633395,1.604505539,57529.9443,57529.9443,0.562190107,0.40982463124797
"578",578,"USA","USA",2009,1,7,"Left",1,0,306771529,1.286476374,1.502784014,55453.63,55453.63,0.556968453,0.39226837115037
"579",579,"USA","USA",2010,2,7,"Left",1,0,309327143,1.265258074,1.552067518,56238.6148,56238.6148,0.568345869,0.39654101885408
"580",580,"USA","USA",2011,3,7,"Left",1,0,311583481,1.262119055,1.513583064,56733.9428,56733.9428,0.573433917,0.37874913761739
"581",581,"USA","USA",2012,4,7,"Left",1,0,313877662,1.402794003,1.521011114,57306.317,57306.317,0.583902799,0.35639524386399
"582",582,"USA","USA",2013,5,7,"Left",1,0,316059947,1.305992603,1.516837239,58095.9517,58095.9517,0.577650354,0.35784043399281
"583",583,"USA","USA",2014,6,7,"Left",1,0,318386329,1.371681571,1.462136626,58950.042,58950.042,0.584521627,0.35134575856797
"584",584,"USA","USA",2015,7,7,"Left",1,0,320738994,1.394115925,1.459397316,60750.2917,60750.2917,0.58353512,0.33560364316419
"585",585,"USA","USA",2016,8,7,"Left",1,0,323071755,1.368130684,1.470559239,61026.4278,61026.4278,0.58427152,0.32373444145747
"586",586,"USA","USA",2017,1,7,"Right",0,1,325122128,1.376931906,1.549218297,62059.4342,62059.4342,0.580764255,0.31373961305817
"587",587,"USA","USA",2018,2,7,"Right",0,1,326838199,1.32442522,1.569072962,63325.654,63325.654,0.584061211,0.31358551168177
"588",588,"USA","USA",2019,3,7,"Right",0,1,328329953,1.21196878,1.482331276,64126.0193,64126.0193,0.580781133,0.29999682071288
"589",589,"USA","USA",2020,4,7,"Right",0,1,331501080,1.065649033,1.310419917,61443.4219,61443.4219,0.571537095,0.28158087640258
"590",590,"S. Africa","ZAF",1990,2,7,"Right",0,1,39877570,NA,NA,15867.365,15867.365,0.589337849,0.99403406174404
"591",591,"S. Africa","ZAF",1991,3,7,"Right",0,1,40910959,NA,NA,15052.4981,15052.4981,0.606874973,0.98591864033741
"592",592,"S. Africa","ZAF",1992,4,7,"Right",0,1,41760755,NA,NA,14178.411,14178.411,0.603681257,0.99275492348077
"593",593,"S. Africa","ZAF",1993,5,7,"Right",0,1,42525440,NA,NA,15221.4928,15221.4928,0.582576106,0.99066964513225
"594",594,"S. Africa","ZAF",1994,6,7,"Right",0,1,43267982,NA,NA,15348.3855,15348.3855,0.592418636,0.97592429270464
"595",595,"S. Africa","ZAF",1995,1,7,"Left",1,0,43986084,NA,NA,15259.5179,15259.5179,0.602225132,0.99070850423432
"596",596,"S. Africa","ZAF",1996,2,7,"Left",1,0,44661603,0.732927382,1.020495892,15631.018,15631.018,0.61199582,0.98170736989453
"597",597,"S. Africa","ZAF",1997,3,7,"Left",1,0,45285048,0.685867995,0.822602183,15632.4801,15632.4801,0.621730779,0.99947452639687
"598",598,"S. Africa","ZAF",1998,4,7,"Left",1,0,45852166,0.638808608,0.624708474,15347.9693,15347.9693,0.631430252,1.010390105947
"599",599,"S. Africa","ZAF",1999,5,7,"Left",1,0,46364681,0.594539165,0.635308921,15149.7114,15149.7114,0.641094174,0.95015358187383
"600",600,"S. Africa","ZAF",2000,1,7,"Left",1,0,46813266,0.550269723,0.645909369,15344.0099,15344.0099,0.650723,0.921529023727
"601",601,"S. Africa","ZAF",2001,2,7,"Left",1,0,47229714,0.441585615,0.626870394,15677.0366,15677.0366,0.656338589,0.91872148975894
"602",602,"S. Africa","ZAF",2002,3,7,"Left",1,0,47661514,0.332901508,0.607831419,16077.5011,16077.5011,0.66196505,0.91353722490158
"603",603,"S. Africa","ZAF",2003,4,7,"Left",1,0,48104048,0.275540829,0.602573693,16467.2293,16467.2293,0.667789331,0.93748246942679
"604",604,"S. Africa","ZAF",2004,5,7,"Left",1,0,48556071,0.397753119,0.561649323,16894.8333,16894.8333,0.665029368,0.95532699319126
"605",605,"S. Africa","ZAF",2005,1,7,"Left",1,0,49017147,0.483857185,0.569725692,17539.5423,17539.5423,0.675374496,0.92766760121818
"606",606,"S. Africa","ZAF",2006,2,7,"Left",1,0,49491756,0.378271431,0.324346781,18303.9616,18303.9616,0.688433821,0.88505204446714
"607",607,"S. Africa","ZAF",2007,3,7,"Left",1,0,49996094,0.197672486,0.287496805,18927.9238,18927.9238,0.708985363,0.87255230286713
"608",608,"S. Africa","ZAF",2008,4,7,"Left",1,0,50565812,0.153828725,0.337714642,19073.3008,19073.3008,0.696742724,0.8891013442738
"609",609,"S. Africa","ZAF",2009,1,7,"Left",1,0,51170779,0.125426695,0.313202083,18836.4735,18836.4735,0.689864082,0.8561506618588
"610",610,"S. Africa","ZAF",2010,1,7,"Left",1,0,51784921,0.065393098,0.192784637,19191.2075,19191.2075,0.709380535,0.84318227496404
"611",611,"S. Africa","ZAF",2011,2,7,"Left",1,0,52443325,-0.004233705,0.219012007,19401.6424,19401.6424,0.718634357,0.7909726954635
"612",612,"S. Africa","ZAF",2012,3,7,"Left",1,0,53145033,-0.184170604,0.171206728,19203.3205,19203.3205,0.745947806,0.79975761074874
"613",613,"S. Africa","ZAF",2013,4,7,"Left",1,0,53873616,-0.137831539,0.308263749,18954.6897,18954.6897,0.746216796,0.79702383767625
"614",614,"S. Africa","ZAF",2014,5,7,"Left",1,0,54729551,-0.124875419,0.164872631,18659.0798,18659.0798,0.746485414,0.80362014209434
"615",615,"S. Africa","ZAF",2015,6,7,"Left",1,0,55876504,-0.043698575,0.116498068,18530.4262,18530.4262,0.746485461,0.76045049093327
"616",616,"S. Africa","ZAF",2016,7,7,"Left",1,0,56422274,0.044075001,0.132853389,18297.0246,18297.0246,0.746485412,0.75581710870916
"617",617,"S. Africa","ZAF",2017,8,7,"Left",1,0,56641209,-0.101495706,0.100143969,18180.2172,18180.2172,0.746485532,0.76284014285696
"618",618,"S. Africa","ZAF",2018,9,7,"Left",1,0,57339635,-0.112126492,0.132596701,18144.4439,18144.4439,0.746485584,0.75515918657762
"619",619,"S. Africa","ZAF",2019,1,7,"Left",1,0,58087055,0.020065013,0.162542775,17876.8165,17876.8165,0.746485511,0.7595249540119
"620",620,"S. Africa","ZAF",2020,2,7,"Left",1,0,58801927,-0.010780005,0.096805505,16467.955,16467.955,0.746485469,0.73177323777174
